Code,Code Nbr,Tariff_Class,Short Text in Danish,English Translation
1,1,4,Direktør,Director
2,2,4,Forretningsfører,Business manager
3,3,4,"Leder, kontor","Manager, office"
4,4,4,"Leder, offentlig administration",Head of public administration
5,5,6,Alternativ behandler,Alternative therapist
6,6,6,Tatovør,tattooist
7,7,5,Au-Pair,Au-Pair
8,8,5,Hushjælp,Domestic help
9,9,5,Arbejdsledig,Work Available
10,10,5,Arkitekt,Architect
11,11,5,Arkitekt med tilsyn,Architect with supervision
12,12,11,Autolakerer,Spraying
13,13,11,Automekaniker,Auto Mechanic
14,14,11,Autoophugger,Car Demolition
15,15,11,"Bilsælger, Biludlejer","Car seller, Car rental"
16,16,11,Pladesmed,Pladesmed
17,17,11,Værkfører,foreman
18,18,11,Værkstedsleder/assistent,Workshop Manager / Assistant
19,19,4,Filialmedmedarbejder,Filialmedmedarbejder
20,20,1,Arkivar,Archivist
21,21,1,Bibliotekar,Librarian
22,22,7,Bogbinder,bookbinder
23,23,7,Bogtrykker,Bogtrykkerbladet
24,24,7,Trykkerimedmedarbejder,Trykkerimedmedarbejder
25,25,15,Ambulanceredder,ambulance Rescue
26,26,15,Brandmand,Fireman
27,27,15,Erhvervsdykker,Commercial Diving
28,28,8,Livredder,lifeguard
29,29,15,Røgdykker,smoke diver
30,30,9,Bager/konditor,Bakery / pastry
31,31,9,Brødfabriksmedmedarbejder,Bread Factory Wrought Employee
32,32,2,Apoteksassistent,pharmacy Assistant
33,33,2,"Ekspedient, blomsterhandler","Expedient, florist"
34,34,2,"Ekspedient, boghandler","Accountant, bookstore"
35,35,2,Centerleder/medmedarbejder,Center Director / medmedarbejder
36,36,2,"Ekspedient, benzinforhandler","Distributor, petrol dealer"
37,37,2,"Ekspedient, delikatesse","Expedient, delicacy"
38,38,2,"Ekspedient, kiosk","Expedition, kiosk"
39,39,2,"Ekspedient, supermarked","Distributor, supermarket"
40,40,2,"Ekspedient, øvrige butik","Expedient, other store"
41,41,2,"Farmaceut, apotek","Pharmacy, pharmacy"
42,42,2,Farvehandler,Paint & Painting Supplies
43,43,2,Fiskehandler,fishmonger
44,44,2,Kustode/museumsmedarbejder,Custodian / museum employee
45,45,2,"Leder, butik","Manager, store"
46,46,2,Optiker,Optician
47,47,2,Kommuneassistent,Municipality Assistant
48,48,2,Urmager,Watchmaker
49,49,12,Arbejdsmand,laborer
50,50,12,Brøndborer,well Borer
51,51,12,Bygge- og anlægsmedmedarbejder,Construction worker
52,52,12,Byggeleder,Construction manager
53,53,12,Entreprenør,contractor
54,54,12,Isoleringsmedmedarbejder,Insulation Wrought Employee
55,55,12,Jord & Betonmedmedarbejder,Earth & Concrete Medewerker
56,56,12,Kranfører,Crane operator
57,57,12,"Leder, bygge og anlæg","Leader, building and construction"
58,58,12,Rørlægger,Pipelayer
59,59,12,Specialmedmedarbejder,Specialmedmedarbejder
60,60,12,Stenhugger,Stonemason
61,61,12,Termograf,thermograph
62,62,12,Vejmedmedarbejder,Vejmedmedarbejder
63,63,9,Bud,Bid
64,64,9,Buschauffør,Bus driver
65,65,9,Chauffør,Driver
66,66,9,Flyttemand,Flyttemand
67,67,9,Havnemedmedarbejder,Havnemedmedarbejder
68,68,9,Kørerlærer,Driving Teacher
69,69,9,Lastbilschauffør,Truck driver
70,70,9,Maskinchauffør,machine driver
71,71,9,Redder (bugsering),Savior (tow)
72,72,9,Taxachauffør,Taxi driver
73,73,9,Truckfører,truck driver
74,74,9,Værditransportmedmedarbejder,Værditransportmedmedarbejder
75,75,5,Dekoratør,decorator
76,76,5,Designer,Designer
77,77,5,Indretningsarkitekt,Interior Designer
78,78,5,Cirkusartist,Circus artist
79,79,5,Danser,Dancing
80,80,5,Klaverstemmer,piano votes
81,81,5,Komponist,composer
82,82,5,Koreograf,choreographer
83,83,5,Model,Model
84,84,5,Musikdirigent,music Conductor
85,85,5,Musiker,Musician
86,86,5,Sanger,Singer
87,87,5,Skuespiller,Actor
88,88,5,Strengemager,strict Mager
89,89,5,Tonemester,Tonmeister
90,90,5,Ejendomsinspektør,property Inspector
91,91,5,Ejendomsmægler,Real estate
92,92,11,Elektriker,electrician
93,93,11,Kabelmontør,cable Installer
94,94,11,Mastemedmedarbejder,Mastemedmedarbejder
95,95,11,Teletekniker,telecommunications Technician
96,96,11,Elektrotekniker,Electrical Engineer
97,97,11,Tv tekniker,TV technician
98,98,5,Filmfotograf,Cinematographers
99,99,5,Filmklipper,film Cuts
100,100,5,Filmproducer,Film producer
101,101,5,Filmtekniker,film Technician
102,102,5,Fotograf,Photographer
103,103,5,Tv-fotograf,TV photographer
104,104,14,Fisker,Fisherman
105,105,11,Auditør,Prosecution
106,106,11,"Chef, forsvaret","Chief, the defense"
107,107,11,"Gejstlig, forsvaret","Geestly, the defense"
108,108,11,"Leder, forsvaret","Leader, the defense"
109,109,11,"Forsvaret, stab","The defense, staff"
110,110,11,"Mellemleder, forsvaret","Middle East, the defense"
111,111,11,"Menig, forsvaret","Many, the defense"
112,112,9,Bryggerimedmedarbejder,Bryggerimedmedarbejder
113,113,9,Buntmager,furrier
114,114,9,Fabriksmedmedarbejder,Factory Wrought Employee
115,115,9,Fiskefabriksmedmedarbejder,Fish Factory Wrought Employee
116,116,9,Instrumentmager,instrument-maker
117,117,9,Kartonagemedmedarbejder,Kartonagemedmedarbejder
118,118,7,Keramiker,Keramiker
119,119,9,"Leder, fremstilling","Manager, manufacture"
120,120,9,"Leder, produktion","Leader, production"
121,121,9,Levnedsmiddeltekniker,Food technician
122,122,9,Mejerist,dairyman
123,123,7,Porcelænsmaler,porcelain Painter
124,124,9,Processoperatør,process Operator
125,125,9,Produktionsmedmedarbejder,Production Wrought Employee
126,126,9,"Reparatør, fremstillingsvirksomhed","Repairer, Manufacturing"
127,127,9,Tekniker,Technician
128,128,9,Tilsynsmedmedarbejder,Supervision Wrought Employee
129,129,9,Vaskerrimedmedarbejder,Vaskerrimedmedarbejder
130,130,9,Vindmøllemontør,Wind Engineer
131,131,5,Frisør,Hairdresser
132,132,5,Kosmetolog,beautician
133,133,5,Make-up artist,Makeup artist
134,134,5,Stylist,stylist
135,135,8,Fængselsbetjent,Prison guard
136,136,9,Anlægsgartner,Anlægsgartner
137,137,9,Gartner,Gardener
138,138,7,"Cykelhandler, mekaniker","Bike dealer, mechanic"
139,139,7,Grafiker,Graphics
140,140,7,Gravør,Gravure
141,141,7,Guld- og Sølvsmed,Gold and Silversmith
142,142,5,Hjemmegående,Stay-at-home
143,143,5,Bartender,Bartender
144,144,5,Campingpladsmedmedarbejder,Campingpladsmedmedarbejder
145,145,5,Kok,Chef
146,146,5,Køkkenmedhjælper,kitchen Assistant
147,147,5,Oldfrue,matron
148,148,5,Opvasker,Dishwasher
149,149,5,Receptionist,receptionist
150,150,5,Smørrebrødsjomfru,sandwiches Virgin
151,151,5,Stuepige,maid
152,152,5,Tjener,Servant
153,153,11,Automatikmekaniker,Automatic Mechanic
154,154,11,Bedemand,funeral Homes
155,155,11,Brolægger,Tiler
156,156,11,Elektronikmekaniker,Electronic Engineer
157,157,11,Elevatormontør,Lift Engineer
158,158,11,Finmekaniker,Precision engineer
159,159,11,Flymekaniker,Aircraft mechanic
160,160,11,Gardinopsætter,Curtain Sets
161,161,11,Glarmester,Glazier
162,162,11,Graver,Fountains
163,163,11,Gulvpålægninger,Floor Overlayments
164,164,11,Gulvsliber,Gulvsliber
165,165,11,Gørtler,Gørtler
166,166,11,Håndværksformand,crafts Chairman
167,167,11,Industrioperatør,industrial Operator
168,168,11,Karetmager,Karet Mager
169,169,11,Klejnsmed,boilermaker
170,170,7,Kunstner,artist
171,171,7,"Leder, håndværk","Leather, craft"
172,172,7,Låsesmed,locksmith
173,173,11,Murer,Bricklayer
174,174,11,Møbelpolster,upholstery equipment
175,175,11,Møbelsnedker,Joiner
176,176,7,Radiomekaniker,Radio Mechanic
177,177,11,Roadie,Roadie
178,178,11,Sadelmager,Saddler
179,179,11,Sejlmager,Sailmakers
180,180,11,Servicemontør,Service Engineer
181,181,11,Servicetekniker,Service technician
182,182,11,Skadedyrsbekæmper,pest Fights
183,183,7,Skomager,Shoemaker
184,184,11,Skorstensfejer,Chimney sweeper
185,185,11,Smed,wrought
186,186,11,Støber,mold
187,187,11,Svejser,Welder
188,188,11,Tagdækker,roofer
189,189,11,Tækkemand,Thatcher
190,190,11,Vodbinder,net maker
191,191,11,Værktøjsmager,Toolmaker
192,192,5,Ingeniør,Engineer
193,193,1,Intet  eller let manuelt arbejde,Nothing or easy manual work
194,194,13,Banemedmedarbejder,Banemedmedarbejder
195,195,13,Lokofører,driver
196,196,13,Rangermedmedarbejder,Rangermedmedarbejder
197,197,13,Togrevisor,train inspector
198,198,13,Trafikleder,traffic Manager
199,199,5,Journalist,Journalist
200,200,11,Fyrværker,pyrotechnist
201,201,5,Kemiker,Chemist
202,202,11,Kemiteknikker,chemistry Technologies
203,203,4,Kirketjener,verger
204,204,4,Kordegn,sacristan
205,205,4,Organist,Organist
206,206,4,Præst,Priest
207,207,1,Advokat,Lawyer
208,208,1,Advokatsekretær,Legal Secretary
209,209,1,Assistent,Assistant
210,210,1,Bogholder,Accountant
211,211,1,Dommer,Judging
212,212,1,"Farmaceut, medicinal industri","Pharmaceutical, pharmaceutical industry"
213,213,1,Forfatter,Author
214,214,1,Forsker,researcher
215,215,1,Indkøber,Shopper
216,216,1,IT-medmedarbejder,IT medmedarbejder
217,217,1,Jobkonsulent,Job consultants
218,218,1,Jurist,Lawyer
219,219,1,Kontormedmedarbejder,Kontormedmedarbejder
220,220,1,Meteorolog,meteorologist
221,221,1,"Projektleder, kontor","Project Manager, Office"
222,222,1,Retsbetjent,legal Officer
223,223,1,Rådhusbetjent,City Hall Valet
224,224,1,Ledelseskonsulent,management Consultant
225,225,1,Salgskonsulent - kontor,Sales Consultant - Office
226,226,1,Speditør,Freight Forwarders
227,227,1,Tolk,Interpreter
228,228,5,Kantinemedmedarbejder,Kantinemedmedarbejder
229,229,5,"Kok, kantine","Cook, canteen"
230,230,5,Bioanalytiker,Bioanalyst
231,231,5,Biokemiker,biochemist
232,232,5,Biolog,Biologist
233,233,5,"Forsker, medicinal","Researcher, Medical"
234,234,5,Laborant,Laboratory
235,235,7,Lagermedmedarbejder,Lagermedmedarbejder
236,236,7,Pakkemedmedarbejder,Pakkemedmedarbejder
237,237,5,Landinspektør,Surveyor
238,238,5,Landmåler,surveyor
239,239,8,Biavler,beekeeper
240,240,8,Dambruger,Dambruger
241,241,8,Landbrugsmedhjælper,Agriculture Assistant
242,242,8,Vej og park medmedarbejder,Road and park employee
243,243,8,Landmand,Farmer
244,244,8,Pelsdyravler,Fur Breeders
245,245,4,Let  fysisk arbejde-daglig kørsel,Easy physical work-daily driving
246,246,7,Flyveleder,Air traffic controller
247,247,7,Groundcrew,Ground Crew
248,248,7,Lufthavnsportør,Airport Porter
249,249,7,Pilot,Pilot
250,250,7,Stewardesse/steward,Stewardess / steward
251,251,11,Maler,Meter
252,252,13,Maskinmedarbejder,machine Employee
253,253,13,Maskinmester,Engineer
254,254,13,Maskinoperatør,machine Operator
255,255,13,Maskinteknikker,Mechanical Engineering
256,256,7,Med  fysisk arbejde,With physical work
257,257,13,Metalmedarbejder,metal Employee
258,258,11,Offshoremedmedarbejder,Offshoremedmedarbejder
259,259,11,Oliemedarbejder,oil Employee
260,260,11,Raffinaderimedmedarbejder,Raffinaderimedmedarbejder
261,261,5,Greenkeeper,greenkeeper
262,262,5,Halinspektør,pool inspector
263,263,5,Pedel,Janitor
264,264,5,"Vicevært,  Varmemester mv.","Vicar, Housekeeper etc."
265,265,3,Efterlønsmodtager,Early retirement Receiver
266,266,3,Folkepensionist,retiree
267,267,8,Dørmand,Doorman
268,268,8,"Leder, politi","Leader, police"
269,269,8,Parkeringsvagt,Parking Security
270,270,8,Politibetjent,police officer
271,271,8,Vagt,Guard
272,272,7,Avisbud,paperboy
273,273,7,Cykelbud,bike messenger
274,274,7,Postmedarbejder,postal worker
275,275,7,Postbud,Postman
276,276,4,Beskæftigelsesvejleder,employment Supervisor
277,277,4,Børnehavemedmedarbejder,Børnehavemedmedarbejder
278,278,4,Dagplejer,childminder
279,279,4,Døgninstitutionsmedmedarbejder,Residential institution Wrought Employee
280,280,4,Fritidshjemmedmedarbejder,Fritidshjemmedmedarbejder
281,281,4,"Leder, børneinstitution","Head, children's institution"
282,282,4,"Leder, døgninstitution","Leader, day care institution"
283,283,4,SFO-medmedarbejder,SFO-medmedarbejder
284,284,4,Socialpædagog,social worker
285,285,4,Vuggestuemedmedarbejder,Vuggestuemedmedarbejder
286,286,1,Rejseguide,travel
287,287,1,Rejsekonsulent,travel Consultant
288,288,7,Rengøringsmedmedarbejder,Cleaning Wrought Employee
289,289,7,Servicemedmedarbejder,Servicemedmedarbejder
290,290,7,Vinduespudser,Window cleaner
291,291,13,Renovationsmedmedarbejder,Renovation Wrought Employee
292,292,12,Risikofyldt  arbejde,Risky work
293,293,6,Lægemiddelkonsulent,Pharmaceutical Consultant
294,294,6,Repræsentant,Representative
295,295,6,Salgskonsulent med kørsel,Sales Consultant with Driving
296,296,6,Landbrug- og havebrugskonsulent,Agriculture and horticultural consultant
297,297,5,Landskabsarkitekt,Landscape
298,298,6,Taksator,appraiser
299,299,6,Vurderingsmand,Assesment
300,300,14,Skibsbygger,Shipbuilder
301,301,9,Skovmedarbejder,forest Officer
302,302,12,Butiksslagter,Butcher Shop
303,303,12,Slagter,Butcher
304,304,14,Savværksmedarbejder,sawmill Employee
305,305,14,Snedker,Snedker
306,306,14,Tømrer,Carpenter
307,307,6,Socialrådgiver,Social worker
308,308,11,Fitness-instruktør,Fitness instructor
309,309,10,Jockey,jockey
310,310,10,Kusk,Competitor
311,311,11,Personlig træner,Personal Trainer
312,312,10,Professionel sport,Professional sports
313,313,15,Stilladsmedarbejder,scaffolding Employee
314,314,1,Barn,Child
315,315,1,Studerende,Student
316,316,6,Bandagist.,Bandagist.
317,317,6,Dentaltekniker,dental Technician
318,318,6,Ergoterapeut,Occupational Therapist
319,319,6,Fodterapeut,Fodterapeut
320,320,6,Fysioterapeut,physiotherapist
321,321,6,Kiropraktor,Chiropractor
322,322,6,"Leder, sundhedsvæsen","Head, health care"
323,323,6,Læge,Doctor
324,324,6,Psykiater,Psychiatrist
325,325,6,Psykolog,psychologist
326,326,6,Radiograf,Radiography
327,327,6,Social- og sundhedsassistent,Social and health assistant
328,328,6,Social- og sundhedshjælper,Social and health care
329,329,6,Sundhedsplejerske,Health visitor
330,330,6,Sygeplejerske,nurse
331,331,6,Tandlæge,Dentist
332,332,6,Tandplejer,Dental hygienist
333,333,6,Tandtekniker,Dental Technician
334,334,6,Zoneterapeut,Zoneterapeut
335,335,4,Lægesekretær,Medical Secretary
336,336,7,Hospitalsportør,Hospital porter
337,337,12,Fiskeribetjent,fisheries Officer
338,338,12,"Kaptajn, søtransport","Captain, sea transport"
339,339,12,Lods,Pilot
340,340,12,Navigatør,Navigator
341,341,12,Radiotelegrafist,radio operator
342,342,12,Skibsassistent,able seaman
343,343,12,Styrmand,mate
344,344,9,Skrædder,Tailor
345,345,9,Syerske,seamstress
346,346,9,Tekstilmedarbejder,textile employees
347,347,6,Pantefoged,Pant Bailiff
348,348,6,Tolder,publican
349,349,14,Træindustrimedarbejder,Træindustrimedarbejder
350,350,4,Adjunkt,Assistant Professor
351,351,4,Faglærer,Specialist teacher
352,352,4,Gymnasielærer,High School Teacher
353,353,4,Handelsskolelærer,trade school teacher
354,354,4,Idrætslærer,Physical education teacher
355,355,4,"Leder, undervisningsinstitution","Director, Educational Institution"
356,356,4,Lektor,Associate Professor
357,357,4,Professor,Professor
358,358,4,Skolelærer,Teacher
359,359,11,Driftmedmedarbejder,Driftmedmedarbejder
360,360,11,Driftsleder,operator
361,361,6,Dyreassistent,animal Assistant
362,362,6,Dyrlæge,Veterinarian
363,363,6,Hunde- og kattefrisør,Dog and cat freezer
364,364,6,Hunde- og katteopdrætter,Dog and cat breeder
365,365,6,Veterinærsygeplejerske,Veterinary nurse
366,366,12,Blikkenslager,Plumber
367,367,12,Kloakmedmedarbejder,Kloakmedmedarbejder
368,368,12,Kloakmester,Kloakmester
369,369,12,Miljøtekniker,environmental engineer
370,370,12,VVS montør,Plumbing fitter
371,371,12,VVS installatør,plumbing installer
372,372,4,"Forsker, undervisningsinstitution","Researcher, educational institution"
373,373,3,Førtidspensionist,early retirement
374,374,12,Berider,rider
375,375,9,Arkæolog,Archaeologist
376,376,6,Jordmoder,midwives
377,377,14,Scenetekniker,scene Technician
378,378,11,Skiltemaler,Plastic Film
379,379,11,Skiltetekniker,Divorced Technician
380,380,1,A/V-assistent,A / V Assistant
381,381,1,Account manager,Account Manager
382,382,1,AD-Assistent,AD Assistant
383,383,4,Administrationschef,Administration Manager
384,384,11,Adventure-instruktør,Adventure instructor
385,385,1,Advokatfuldmægtig,Attorney
386,386,11,Aerobicinstruktør,aerobics Instructor
387,387,4,Afdelingschef,Department Manager
388,388,4,Afdelingsleder,Department manager
389,389,1,Afdelingssekretær,department Secretary
390,390,6,Afdelingssygeplejerske,Head nurse
391,391,5,Afrydder,busboy
392,392,6,Afspændingspædagog,relaxation Educator
393,393,1,Agent,Agent
394,394,6,Agronom,agronomist
395,395,8,Agrotekniker,Agro Technologies
396,396,5,"Akrobat, cirkus/tivoli","Acrobat, Circus / Tivoli"
397,397,1,Aktuar,actuary
398,398,6,Akupunktør,acupuncturist
399,399,2,Akvariehandler,Toy Shops
400,400,9,Alarmtekniker,Alarm Technician
401,401,6,Alkoholbehandler,alcohol Processing
402,402,5,Altmuligmand,Handy man
403,403,11,Alu-montør,Aluminum fitter
404,404,1,Ambassadør,Ambassador
405,405,6,Ambulancelæge,ambulance Medical
406,406,1,Analytiker,analyst
407,407,1,Animator,animator
408,408,1,Anklager,Prosecutor
409,409,12,Anlægsstruktør,Anlægsstruktør
410,410,9,Anlægstekniker,Engineering Technician
411,411,11,Antennemontør,antenna Installer
412,412,2,Antikvar,Antiquarian
413,413,2,Antikvitetshandler,antikvitetshandler
414,414,1,Antroprolog,Antroprolog
415,415,6,Anæstesilæge,anesthesia Medical
416,416,2,Apoteker,pharmacies
417,417,2,Apoteksmedmedarbejder,Pharmacy Wrought Employee
418,418,11,Arbejdsleder,supervisor
419,419,9,Arbejdsmand,laborer
420,420,6,Arbejdspsykolog,Occupational Psychologist
421,421,9,Arbejdsstudietekniker,Work Study Engineer
422,422,6,Area sales manager,Area Sales Manager
423,423,5,Arkitekt - med tilsyn,Architect - supervised
424,424,5,"Arkitekt, udelukkende kontor","Architect, office only"
425,425,4,Arkivchef,Arkivchef
426,426,1,Arkæolog,Archaeologist
427,427,1,Art director,Art director
428,428,5,Artist,Artist
429,429,12,Asfaltmedarbejder,asphalt Employee
430,430,6,Assurandør,Insurance Agents
431,431,1,Astrofysiker,Astrophysicist
432,432,6,Astrolog,astrologer
433,433,1,Astronom,astronomer
434,434,7,Atelierejer,Atelier Owner
435,435,11,Atletiktræner,athletic Trainers
436,436,6,Audiolog,audiologist
437,437,2,Auktionarius,auctioneer
438,438,11,"Autoelektriker, Reparation og vedligeholdelse","Autoelectrics, Repair and Maintenance"
439,439,11,Autoforhandler,Auto Dealer
440,440,11,Autoforhandler med reparation,Car dealer with repair
441,441,11,Autoglasmontør,Auto Glass Installer
443,443,7,"Autoklargører, klargøring/vask mv.","Autoclavers, preparation / washing, etc."
444,444,9,Automatiktekniker,Automation technician
445,445,2,Automatudlejer,Machine Landlord
446,446,11,"Automekaniker, Reparation og vedligeholdelse","Automotive mechanic, Repair and maintenance"
447,447,11,"Autoophugger,kun ledelse,tilsyn,salg,udlejning","Car buyer, only management, supervision, sale, rental"
448,448,2,Autotilbehør - handel med,Car accessories - trade with
449,449,11,Autoudlejning,Car Rental
450,450,7,Avisbud,paperboy
451,451,7,Avisdistributør,newspaper Distributor
452,452,11,AV-montør,AV technician
453,453,11,AV-specialist,AV specialist
454,454,11,"Badeanstaltmedarbejder, herunder søbad","Bathing crew, including sewed"
455,455,11,Bademester,Pool manager
456,456,11,Badmintontræner,badminton Coach
457,457,9,Konditor,pastry
458,458,2,Bagerekspedient,bakery Clerk
459,459,5,Balletdanser,ballet dancer
460,460,11,Balletinstruktør,ballet Instructor
461,461,6,Bandagist/protesemager etc.,Bandagist / prosthetics etc.
462,462,1,Bankassistent,Cashiers
463,463,1,Bankbetjent,banking Officer
464,464,4,Bankdirektør,Chief Executive
465,465,1,Bankrådgiver,Bank Advisor
466,466,5,Barejer,barkeeper
467,467,5,Barista,Barista
468,468,5,Barnepige,Nurse
469,469,11,Basketballtræner,basketball Coach
470,470,11,Befalingsmand,officer
471,471,1,Befragter,charterer
472,472,11,Belysningsmedarbejder,Lighting Employee
473,473,11,Belysningsmester,Lighting Master
474,474,2,Benzinforhandler,gasoline Retailer
475,475,4,Beskæftigelseskonsulent,employment Consultant
476,476,4,Beskæftigelsesrådgiver,employment Advisor
477,477,11,Beslagssmed,Brackets Wrought
478,478,12,Betonmedarbejder,concrete Employee
479,479,11,"Betonmedarbejder, kun ledelse/tilsyn","Concrete worker, only management / supervision"
480,480,12,Betonstøber,concrete molds
481,481,1,Biblioteksassistent,Library Assistant
482,482,8,Bilfinder,Bilfinder
483,483,11,Bilforhandler,Car Dealer
484,484,9,Bilinspektør,car inspector
485,485,7,Bilklargører,Bilklargører
486,486,7,Billedhugger,sculptor
487,487,11,Billedindrammer,Billedindrammer
488,488,7,Billedkunstner,painter
489,489,7,Billedskulptør,Billedskulptør
490,490,7,"Billetsælger, biograf","Ticket seller, cinema"
491,491,13,Billettør,Billettør
492,492,11,"Bilmekaniker, Reparation og vedligeholdelse","Car Mechanic, Repair and Maintenance"
493,493,11,Bilsælger,car salesman
494,494,1,Biofysiker,biophysicist
495,495,2,Biografejer,cinema Owner
496,496,7,Biografmedmedarbejder,Biografmedmedarbejder
497,497,5,Biografoperatør,cinema Operator
498,498,7,"Biografteater, kontrollør","Cinema Theater, Controller"
499,499,6,Biopat,naturopath
500,500,5,Bioteknolog,biotechnologist
501,501,7,Bladdistributør,Sheet Distributor
502,502,11,"Blikkenslager, kun ledelse/tilsyn","Plumber, only management / supervision"
503,503,12,Blikkenslagermester,Plummer master
504,504,11,"Blikkenslagermester, kun ledelse/tilsyn","Plumbing master, only management / supervision"
505,505,4,Blindekonsulent,blind Consultant
506,506,9,"Blomster, en gros","Flowers, a gros"
507,507,5,Blomsterbinder,flowers Tie
508,508,5,Blomsterdekoratør,Floral Decorator
509,509,9,Blomstergrosserer,flowers merchant
510,510,2,Blomsterhandler,Florist
511,511,1,Bogforlag,Book publishing
512,512,2,Boghandler,Bookseller
513,513,11,"Bogtrykker, kun ledelse/tilsyn","Book prints, only management / supervision"
514,514,11,Boksetræner,boxing trainer
515,515,9,Boliginspektør,housing Inspector
516,516,1,Boligrådgiver,housing Counselor
517,517,9,Bolsjekoger,candy Koger
518,518,11,Bordtennistræner,Tennis Coach
519,519,11,Boreplatformsmedarbejder,Oil rig Employee
520,520,11,"Boreplatformsmedarbejder, kun ledelse/tilsyn","Drilling operator, only management / supervision"
521,521,1,Borgmester,Mayor
522,522,5,Botaniker,botanist
523,523,2,Bowlingcentermedarbejder,Bowling Center Employee
524,524,2,Bowlingcenterleder,Bowling Center Director
525,525,15,Brandassistent,fire Assistant
526,526,15,Brandchef,fire Chief
527,527,1,Brandinspektør,fire inspector
528,528,15,Brandmajor,fire Major
529,529,15,Brandmand- frivillig,Firefighter volunteer
530,530,15,Brandofficer,fire Officer
531,531,11,Brobygger,Bridging
532,532,11,Brolæggermester,Tiler Master
533,533,11,"Brolæggermester, kun ledelse/tilsyn","Chieftain, only management / supervision"
534,534,1,Bromatolog,food scientist
535,535,11,Bronzestøberimedarbejder,Bronzestøberi Employee
536,536,9,Bryggerimedarbejder,brewery worker
537,537,11,"Bryggerimedarbejder, kun ledelse/tilsyn","Brewery employee, only management / supervision"
538,538,9,Brygmester,brewmaster
539,539,7,Brændstofdepotmedarbejder,Fuel Depot Employee
540,540,11,"Brøndborer, kun ledelse/tilsyn","Well drill, only management / supervision"
541,541,12,Brøndgraver,Fountains
542,542,11,Bueskyttetræner,Bueskyttetræner
543,543,9,Buntmager - medarbejdende leder,Buntmager - co-leader
544,544,9,Buntmager - tilsyn,Buntmager - supervision
545,545,2,Fast food-medarbejder,Fast food employee
546,546,1,"Business area manager, kontor","Business area manager, office"
547,547,1,Business development manager,Business development manager
548,548,2,Butiksassistent,Shop assistant
549,549,2,Butiksbestyrer,store Manager
550,550,2,Butikschef,Store manager
551,551,8,Butiksdetektiv,store Detective
552,552,11,Butiksmontør,Shop fitter
553,553,8,Butiksvagt,store Security
554,554,5,Butler,Butler
555,555,2,Byggemarkedsmedarbejder,Property Officer
556,556,6,Byggesagkyndig,building Surveyor
557,557,9,Byggetekniker,Construction Technologies
558,558,5,Bygningsingeniør,Construction engineer
559,559,5,"Bygningsingeniør, kun ledelse/tilsyn","Construction engineer, only management / supervision"
560,560,9,Bygningsinspektør,building inspector
561,561,12,Bygningskonduktør,Bygningskonduktør
562,562,11,"Bygningskonduktør, kun ledelse/tilsyn","Building developer, only management / supervision"
563,563,12,Bygningskonstruktør,Building constructor
564,564,12,Bygningsstruktør,Bygningsstruktør
565,565,6,Bygningstaksator,Property Appraiser
566,566,5,Byplanlægger,Town planner
567,567,1,Byretsdommer,district judge
568,568,14,Bødker,cooperage
569,569,6,Børne- og ungdomskonsulent,Child and youth consultant
570,570,4,Børneforsorgsleder,Børneforsorgsleder
571,571,4,Børneforsorgspædagog,Børneforsorgspædagog
572,572,4,Børnehaveklasseleder,class teacher
573,573,4,Børnehaveklassepædagog,Nursery Teacher
574,574,4,Børnehaveleder,kindergarten Head
575,575,4,Børnehavemedhjælper,nursery Assistant
576,576,4,Børnehavepædagog,kindergarten Teacher
577,577,4,Børnehjemsleder,orphanages Are
578,578,4,Børnehjemspædagog,orphanage Educator
579,579,1,Børsmægler,Securities Dealers
580,580,13,Bøssemager,gunsmith
581,581,14,Bådebygger,Boat builder
582,582,11,Bådforhandler,Boat Dealer
583,583,12,Bådfører,Waterman
584,584,11,Bådmekaniker,Bådmekaniker
585,585,9,Bådreparatør,Bådreparatør
586,586,11,Bådudlejer,of boats
587,587,7,Cabin crew,Cabin crew
588,588,5,Caféejer,Cafe Owner
589,589,5,Cafémedmedarbejder,Cafémedmedarbejder
590,590,5,Cafeteriaejer,Cafeteria Owner
591,591,5,Cafeterieleder,Cafeterieleder
592,592,5,Cafeteriamedarbejder,Cafeteria Employee
593,593,5,Campingchef,Camping Chef
594,594,5,Campingpladsarbejde,Camping Work
595,595,5,Campingpladsbestyrer,Campsite Manager
596,596,11,Campingvognsforhandler,caravan Dealer
597,597,11,Campingvognsreparatør,caravan Repairs
598,598,4,Casinoejer,Casino Owner
599,599,7,Casinomedmedarbejder,Casinomedmedarbejder
600,600,11,Cementstøberiarbejde,Cementstøberi Work
601,601,11,Chefinstruktør,chief Instructor
602,602,1,Chefkonsulent,Senior Consultant
603,603,5,Chefreceptionist,Head Receptionist
604,604,1,Cheføkonom,chief Economist
605,605,5,Cirkusmedarbejder,circus Employee
606,606,7,Ciselør,chaser
607,607,11,"Civilforsvaret, medarbejder","Civil Defense, employee"
608,608,5,Civilingeniør,M.Sc.
609,609,5,"Civilingeniør, kun ledelse/tilsyn","Master of Science, Management / Supervision"
610,610,1,Civiløkonom,Bachelor of Commerce
611,611,6,Clairvoyant,clairvoyant
612,612,1,Controller,Controller
613,613,7,Croupier,croupier
614,614,9,Cykelbud,bike messenger
615,615,7,Cykelhandler,Cykelhandler
616,616,7,Cykelmekaniker,Bicycle Mechanic
617,617,7,Cykelmontør,bike fitter
618,618,7,Cykelsmed,Cykelsmed
619,619,11,Cykeltræner,Bicycle Trainers
620,620,4,Dagplejeassistent,Day Care Assistant
621,621,4,Dagplejeleder,Day Care Manager
622,622,4,Dagplejepædagog,Day Care Educator
623,623,11,"Dambrugsejer, kun ledelse/tilsyn","Dambrug owner, only management / supervision"
624,624,5,Damefrisør,Damefrisør
625,625,5,Danselærer,dance teacher
626,626,1,Datakonsulent,data Consultant
627,627,1,Datalog,Computer scientist
628,628,2,Delikatesseassistent,delicatessen Assistant
629,629,2,Delikatessemedmedarbejder,Delikatessemedmedarbejder
630,630,2,Demonstratrice,Demonstrating Trice
631,631,4,Departementschef ,Secretary
632,632,4,Depotejer,Depot Owner
633,633,5,Designteknolog,Design Technology
634,634,6,Desinfektør,exterminator
635,635,8,Detektiv,Detective
636,636,4,Diakon,deacon
637,637,4,Imam,Imam
638,638,9,Dialysetekniker,dialysis Technician
639,639,12,Diamantborings- og skæringsmedarbejer,Diamond drilling and cutting member berries
640,640,2,Diner transportable-medarbejder (catering),Diner transportable employee (catering)
641,641,1,Direktionsassistent,Executive Assistant
642,642,4,"Direktør, udelukkende kontor","Director, sole office"
643,643,5,Dirigent,Conductor
644,644,5,"Discjockey (DJ), radio","Disc jockey (DJ), radio"
645,645,5,"Discjockey (DJ), selverhverv","Disc jockey (DJ), self-employed"
646,646,5,Diskoteksbestyrer,nightclub Manager
647,647,5,Diskoteksejer,nightclub Owner
648,648,1,Dispachør,average adjuster
649,649,1,Diætist,dietician
650,650,1,Docent,Docent
651,651,1,Dommerfuldmægtig,court clerk
652,652,5,"Domptør, cirkus/tivoli","Doorman, circus / tivoli"
653,653,7,Drager,Dragons
654,654,13,Drejer,Drejer
655,655,11,Driftsplanlægger,operating Plan
656,656,9,Driftstekniker,operating Technician
657,657,12,Dual-purpose skibsofficer,Dual-purpose ship officer
658,658,15,Dykker,Diver
659,659,15,Dykkerinstruktør,Diving Instructor
660,660,6,Dyreadfærdsterapeut,Animal Behavior Therapist
661,661,2,Dyrehandler,pet Shops
662,662,6,Dyrepasser,Dyrepasser
663,663,6,Dyrepensionmedmedarbejder,Dyrepensionmedmedarbejder
664,664,6,Dyrlægeassistent,veterinarian Assistant
665,665,11,"Dækmontør, kun ledelse, tilsyn, salg, udlejning","Tire fitter, only management, supervision, sales, rental"
666,666,11,"Dækmontør, Reparation og vedligeholdelse","Tire Fitter, Repair and Maintenance"
667,667,12,Dæksmand,Dæksmand
668,668,4,Døgninstitutionsleder,residential institution Head
669,669,4,Døgnplejer,Hour Cares
670,670,4,Døvekonsulent,deaf Consultant
671,671,4,Døvelærer,deaf Teacher
672,672,4,E-Business Manager,E-Business Manager
673,673,1,E-businessmedmedarbejder,E-businessmedmedarbejder
674,674,4,Efterskoleleder,after Headmaster
675,675,5,Ejendomsfunktionær,property Technician
676,676,1,Eksportassistent,Export Assistant
677,677,4,Eksportchef,export Manager
678,678,1,Eksportmedmedarbejder,Eksportmedmedarbejder
679,679,11,Elektricitetsværksmedarbejder,Electricity Works Employee
680,680,11,"Elektricitetsværksmedarbejder, kun ledelse/tilsyn","Electricity worker, only management / supervision"
681,681,11,Elektricitetsværksfyrbøder,Elektricitetsværksfyrbøder
682,682,11,"Elektricitetsværksfyrbøder, kun ledelse/tilsyn","Electricity firmer fines, only management / supervision"
683,683,9,Elektricitetsværkskontrollør,Electricity Works Checker
684,684,9,"Elektricitetsværkskontrollør, kun ledelse/tilsyn","Electricity Surveillance Officer, Management / Supervision Only"
685,685,11,Elektricitetsværksmontør,Electricity Works Engineer
686,686,11,"Elektricitetsværksmontør, kun ledelse/tilsyn","Electricity installer, only management / supervision"
687,687,11,Elektriker m/stærkstrøm,Electrician with high current
688,688,11,"Elektriker, kun ledelse/tilsyn","Electrician, only management / supervision"
689,689,5,Elektroingeniør med stærkstrøm,Electrical engineer with high current
690,690,11,Elektronikfagtekniker,Electronics technician
691,691,11,Elektronikmekaniker (svagstrøm),Electronics mechanic (low current)
692,692,11,"Elektronikmekaniker, kun ledelse/tilsyn","Electronics mechanic, only management / supervision"
693,693,11,Elektroniktekniker,Electronics Engineer
694,694,1,Elev på idrætsskole,Student at sports school
695,695,7,Elevatorfører,lift attendant
696,696,11,"Elevatormontør, kun ledelse/tilsyn","Lift operator, only management / supervision"
697,697,5,El-ingeniør,Electrical engineer
698,698,5,"El-ingeniør, kun ledelse/tilsyn","Electrical engineer, only management / supervision"
699,699,11,Elinstallatør,Electrician
700,700,11,El-installatør,Electrician
701,701,11,"Elinstallatør, kun ledelse/tilsyn","Electrical installer, only management / supervision"
702,702,11,Elmontør,Elmontør
703,703,11,"El-måler, aflæsning",Electric meter reading
704,704,1,Energikonsulent,energy Consultant
705,705,1,Energirådgiver,energy Advisor
706,706,1,Engroshandel,Wholesale
707,707,12,"Entreprenør, kun ledelse/tilsyn","Entrepreneur, only management / supervision"
708,708,4,Erhvervsrådgiver,Corporate Adviser
709,709,4,Erhvervsvejleder,Business Adviser
710,710,1,Ernærings- og husholdningsøkonsulent,Nutrition and household consultant
711,711,1,Ernæringsassistent,nutrition Assistant
712,712,7,Escort,Escort
713,713,1,Etnograf,ethnographer
714,714,7,Eventmedmedarbejder,Eventmedmedarbejder
715,715,7,Eventkoordinator,Event Coordinator
716,716,4,Fabrikant,Manufacturer
717,717,9,Fabriksmedarbejder u/maskiner,Factory employee u / machines
718,718,9,Fabriksmedarbejder v/maskiner,Factory employee of machinery
719,719,9,"Fabriksmedarbejder, eksplosive stoffer","Factory worker, explosives"
720,720,11,"Fabriksmedarbejder, kun ledelse/tilsyn","Factory employee, only management / supervision"
721,721,9,"Fabriksmedarbejder, med brandfarlige stoffer","Factory worker, with flammable substances"
722,722,9,Fabriksinspektør,Factory Inspector
723,723,1,Faglig leder,Professional leader
724,724,1,Faglig sekretær,Professional secretary
725,725,15,Faldskærmsinstruktør,parachute Instructor
726,726,4,Familiekonsulent,family Consultant
727,727,4,Familieplejer,family Caregiver
728,728,6,Familierådgiver,family Counselor
729,729,4,Familieterapeut,Family Therapist
730,730,6,Familievejleder,family Supervisor
731,731,2,Farmaceut,Pharmacist
732,732,2,Farmakonom,pharmaconomist
733,733,2,Farvehandler,Paint & Painting Supplies
734,734,9,Farverimedarbejder,Farverimedarbejder
735,735,2,Feriecenterleder,Holiday Editorial
736,736,9,Fibertekniker,fiber Technician
737,737,12,Filetskærer,Filet Cuts
738,738,5,Filmfremkaldelse,film processing
739,739,5,Filminstruktør,Film director
740,740,5,Filmoperatør,film Operator
741,741,5,Filmproducent,film Producer
742,742,5,Filmredigeringsmedarbejder,Film Editing Employee
743,743,9,Fiskeeksportør,fish exporters
744,744,2,"Fiskehandel, grossist","Fisheries, wholesaler"
745,745,9,Fiskeriinspektør,inspector
746,746,6,Fiskerikonsulent,fisheries Consultant
747,747,6,Fiskeriteknolog,Fiskeriteknolog
748,748,11,Fitnessmedmedarbejder,Fitnessmedmedarbejder
749,749,12,Fjerkræslagter,poultry Butcher
750,750,2,Fjernsynsforhandler,TV Dealer
751,751,11,Fjernsynsreparatør,television Repairs
752,752,11,"Depotmedarbejder, flaskegas","Depot employee, bottle gas"
753,753,11,"Fremstillingsmedarbejder, flaskegas","Manufactured employee, bottle gas"
754,754,6,Flygtningecentermedarbejder,Refugee Center Employee
755,755,4,Flygtningecenterleder,refugee Center Director
756,756,9,Flyinspektør,Flyinspektør
757,757,7,Flyservicemedmedarbejder,Flyservicemedmedarbejder
758,758,9,"Flytteformand, kun ledelse/tilsyn","Relocation Chairman, Only Management / Supervision"
759,759,11,Flyvekonstabel,Air traffic constable
760,760,11,Fodbolddommer,Soccer referee
761,761,15,Fodboldspiller,Football player
762,762,11,Fodboldtræner,football Coach
763,763,8,Fodermester,herdsman
764,764,2,Foderstofforretning,Feed Business
765,765,6,Fodplejer,Foot Care
767,767,1,Folketingsbetjent,parliamentary Officer
768,768,1,Folketingsmedlem,MP
769,769,1,Forfatter eller foredragsholder,Author or lecturer
770,770,7,Forgylder,gilds
771,771,7,Forgylder - med udearbejde,Gilt - with outwork
772,772,1,Forlagsredaktør,Publishing Editor
773,773,1,Forlægger,Publisher
774,774,7,Fornikler,Fornikler
775,775,1,"Forsikringskonsulent, kontor","Insurance consultant, office"
776,776,1,"Forsikringskonsulent, kørende","Insurance consultant, driving"
777,777,1,Forsikringsmægler,insurance
778,778,1,Forskningsassistent,Research Associate
779,779,6,Forsorgsleder,Forsorgsleder
780,780,11,Forsvaret - flyvende,Defense - flying
781,781,11,Forsvaret - kontor,Defense - Office
782,782,11,Forsvaret - soldat,Defense - Soldier
783,783,11,Forsvaret - øvrige,Defense - Others
784,784,11,Forsvaret - minøropgaver og sprængning,Defense - mining tasks and blasting
785,785,11,Forsvaret - jægerkorps og frømand,The Armed Forces - hunter corps and frogman
786,786,2,Fotohandler,photo Handler
787,787,5,Fotolaborant,photo Laboratory
788,788,5,Fotomodel,Fashion model
789,789,9,Fotoudstyrsreparatør,Photographic Equipment Repairs
790,790,9,Fragtmand,Carrier
791,791,1,"Fragtmand, leder - udelukkende tilsyn","Freightman, leader - sole supervision"
792,792,1,Freelancekonsulent,Freelance consultant
793,793,4,Friluftsvejleder,Outdoor Supervisor
794,794,2,Frimærkehandler,Stamp Dealers
795,795,4,Fritidshjemsleder,Nurseries Head
796,796,4,Fritidsklub,Fritidsklub
797,797,4,Fritidspædagog,Recreational Educator
798,798,2,"Frugt- og grønthandler, detail","Fruits and vegetables, retail"
799,799,2,"Frugt- og grønthandler, en gros","Fruit and vegetables, a gros"
800,800,6,Frugtavler,Fruit Grower
801,801,2,Frugthandler,fruit Shops
802,802,8,Frugtplukker,fruit picker
803,803,11,Frømand,Frogmen
804,804,11,Frømandsinstruktør,Frogmen Director
805,805,9,Fugetekniker,Fugetekniker
806,806,2,Fuglehandler,bird Shops
807,807,13,Fyrbøder,stoker
808,808,13,Fyrmester,lighthouse keeper
809,809,11,"Fyrværkeri, fremstilling","Fireworks, manufacture"
810,810,11,Fyrværkerimester,fireworks Master
811,811,11,Fyrvæsenmedmedarbejder,Fyrvæsenmedmedarbejder
812,812,1,Fysiker,Physicist
813,813,1,Fysiolog,physiologist
814,814,8,Fængselsinspektør,warden
815,815,6,Fængselssygeplejerske,prison Nurse
816,816,12,Færgemand,ferryman
818,818,2,Gadehandler,street Trade
819,819,2,Galleriejer,Gallery Owner
820,820,15,Galoptræner,Gallop Coach
821,821,11,Galvanisør,Galvanisør
822,822,11,Garagemester,Garage Master
823,823,7,Garderobepersonale,Wardrobe Staff
824,824,2,Gardinforhandler,Curtain Dealer
825,825,11,Gardinmontør,Curtain fitter
826,826,2,Garnhandelmedarbejder,Yarn Trade Employee
827,827,9,"Gartner, medarb. leder","Gartner, co-worker. leader"
828,828,9,Garver,Garver
829,829,9,Garvermester,tanner
830,830,12,Gas- og vandmester,Gas and water master
831,831,12,"Gas- og vandmester, kun ledelse/tilsyn","Gas and water master, only management / supervision"
832,832,2,Gasforhandler,gas dealer
833,833,12,Gasmontør,Gasmontør
834,834,12,Gastekniker,gas technician
835,835,11,Gasværksmedarbejder,Gasworks Employee
836,836,11,"Gasværksformand, kun ledelse/tilsyn","Gasworks Chairman, Management / Supervision Only"
837,837,5,Gasværksingeniør,Gasworks Engineering
838,838,9,Gasværkskontrollør,Gasworks Checker
839,839,7,Gate-koordinator,Gate coordinator
840,840,13,Genbrugsstationsmedarbejder,recycling Employee
841,841,1,Geofysiker,geophysicist
842,842,1,Geograf,geographer
843,843,1,Geolog,geologist
844,844,5,Geotekniker,Geotekniker
845,845,7,Gipsstøber,plaster molds
846,846,7,"Gipsstøber, kun ledelse/tilsyn","Plaster casts, only management / supervision"
847,847,7,"Glarmester, kun ledelse/tilsyn","Glarmester, only management / supervision"
848,848,7,Glaskunstner,glass Artist
849,849,7,Glaspuster,Glaspuster
850,850,7,Glassliber,glass grinder
851,851,7,"Glassliber, kun ledelse/tilsyn","Glass glue, only management / supervision"
852,852,9,Glasværksmedarbejder,Glassworks Employee
853,853,9,"Glasværksformand, kun ledelse/tilsyn","Glassworks Chairman, Management / Supervision Only"
854,854,4,Godsejer,landowner
855,855,8,Godsforvalter,Steward
856,856,11,Godsterminalmedarbejder,Freight Terminal Employee
857,857,11,Golftræner,Golf Coach
858,858,9,"Grafiker, kun ledelse/tilsyn","Graphic, only management / supervision"
859,859,5,Grafisk designer,Graphical designer
860,860,7,Grafisk trykker,Graphically press
861,861,7,Grafittirenser,grafitti cleaner
862,862,6,Grafolog,graphologist
863,863,12,Granitmedarbejder,granite Employee
864,864,11,"Granitmedarbejder, kun ledelse/tilsyn","Granite worker, only management / supervision"
865,865,12,Granitsliber,granite Grinder
866,866,11,"Granitsliberformand, kun ledelse/tilsyn","Granite Liberal Chairman, only management / supervision"
867,867,12,Granitværksmedarbejder,Granite Works Employee
868,868,11,"Granitværksformand, kun ledelse/tilsyn","Granite Entrepreneur, only management / supervision"
869,869,12,"Gravsten, handel med og opsætning","Gravsten, trade and setup"
871,871,8,Grisehandler,pigs Handler
872,872,4,Grosserer,Merchant
873,873,4,Grossist,wholesaler
874,874,7,Ground Hostess,Ground Hostess
875,875,11,Grovsmed,blacksmith
876,876,11,Grovsmedemester,coarse Smedemester
877,877,12,"Grusgrav, leder - udelukkende tilsyn","Gravel pit, leader - sole supervision"
878,878,12,Grusgravsmedarbejder,Grusgrav Employee
879,879,2,Grønthandler,Greengrocer
880,880,1,Guide,Guide
881,881,9,Guitarbygger,guitar Builder
882,882,7,Guldsmed,Jeweler
883,883,11,Gulvlægger,floor fitter
884,884,4,Gymnastiklærer,gym teacher
885,885,8,Gårdejer,farmer
886,886,8,Gårdmand (Ikke landbrug),Farmers (Non Farming)
887,887,5,Halbestyrer,Halbestyrer
888,888,6,Handicaphjælper,Disability helps
889,889,6,Handicapkonsulent,disability Consultant
890,890,9,Hattemager,Hatter
891,891,9,Havariekspert,Accident Expert
892,892,5,Havbiolog,Marine biologist
893,893,5,"Havearbejde, privat husholdning","Gardening, private household"
894,894,5,Havearkitekt,Garden Architecture
895,895,6,Havebrugskonsulent,Horticulture Consultant
896,896,1,Havforsker,oceanographer
897,897,9,"Havnearbejde, kun ledelse/tilsyn","Harbor work, only management / supervision"
898,898,1,Havneassistent,port officer
899,899,9,Havnebetjent,port Valet
900,900,4,Havnefoged,Portcaptain
901,901,9,Havneopsynsmand,port overseer
902,902,6,Healer,healer
903,903,12,Hegnsmontør,fence Installer
904,904,7,Helikopterpilot,helicopter Pilot
905,905,15,Helikopterredder,helicopter Rescue
906,906,6,Helseinstitutindehaver,Health Department Proprietor
907,907,1,Helseinstitutmedmedarbejder,Helseinstitutmedmedarbejder
908,908,5,Herrefrisør,Herrefrisør
909,909,8,Hestehandler,horse Sales
910,910,7,Hestemassør,Horses Masseur
911,911,8,Hestepasser,Horses Fits
912,912,8,Hestestutterimedarbejder,Horse Farm Employee
913,913,8,"Hestestutteriejer, kun ledelse/tilsyn","Horse stewardess, only management / supervision"
914,914,6,Hjemmehjælper,home help
915,915,6,Hjemmeplejeleder,home Care Manager
916,916,6,"Hjemmeservice, kun ledelse/tilsyn","Home service, only management / supervision"
917,917,6,Hjemmeservicemedmedarbejder,Hjemmeservicemedmedarbejder
918,918,6,Hjemmesygeplejerske,District nurse
919,919,4,Hjemmevejleder,The home supervisor
920,920,8,Hjortefarmer,deer Farmer
921,921,6,Hortonom,horticulturalist
922,922,5,Hospitalslaborant,hospital Laboratory
923,923,4,Hoteldirektør,Hotel Director
924,924,4,Hotelejer,Hotelier
925,925,4,Hotelforpagter,Hotel Lessee
926,926,7,Hotelkarl,Karl
927,927,6,Hovbeskærer,Hovbeskærer
928,928,5,Hovmester,Butler
929,929,1,HR-assistent,HR Assistant
930,930,1,HR-chef,Mr. Boss
931,931,1,HR-konsulent,HR consultant
932,932,5,Hudterapeut,Hudterapeut
933,933,6,Hundefrisør,Dog Barber
934,934,6,Hundekennelindehaver,Dogs Kennels Proprietor
935,935,6,Hundeklipper,dogs Cuts
936,936,6,Hundeopdrætter,Dog Breeder
937,937,6,Hundepensionsindehaver,Boarding Proprietor
938,938,6,Hundetrimmer,Dog Trimmer
939,939,6,Hundetræner,Dog trainer
940,940,5,"Husassistent, privat husholdning","House assistant, private household"
941,941,8,Husbondafløser,householder Successor
942,942,4,Husholdningslærer,household Teacher
943,943,5,Husmoder,Husmoder
944,944,1,Hydrogeolog,Hydro Geologist
945,945,1,Hydrograf,Hydrography
946,946,6,Hypnotisør,hypnotist
947,947,7,Hælebarmedarbejder,Hælebarmedarbejder
948,948,8,Hønserimedarbejder,Hønserimedarbejder
949,949,1,Høre & talepædagog,Hearing & speech therapist
950,950,11,Håndbolddommer,handball
951,951,15,Håndboldspiller,Handball Player
952,952,11,Håndboldtræner,Handball Coach
953,953,9,Håndvæver,hand Weavers
954,954,11,Hvidevaretekniker,Hvidevare Technician
955,955,1,Idrætshøjskoleelev,Sports College Student
956,956,1,Idrætskonsulent,Sport Consultant
957,957,1,Impresario,Impresario
958,958,1,Indkøber - med rejser over 30 dage årligt,Purchases - with trips over 30 days annually
959,959,1,Indkøber - med rejser under 30 dage årligt,Purchases - with travel for 30 days annually
960,960,1,Indkøber - udelukkende kontor,Purchaser - sole office
961,961,5,Industriel designer,Industrial designer
962,962,11,Industrilakerer,industrial painter
963,963,13,Industritekniker,industrial Engineer
964,964,4,Informationschef,Information Manager
965,965,1,Informationskonsulent,Information Consultant
966,966,1,Informationsmedmedarbejder,Information Wrought Employee
967,967,5,Ingeniør - alene kontorarbejde,Engineer - alone office work
968,968,5,Ingeniør - med tilsyn,Engineer - supervised
969,969,1,Inkassator,debt collector
970,970,4,Inklusionspædagog,inclusion Educator
971,971,6,Inseminør,inseminator
972,972,5,Installatør,installer
973,973,4,Institutionsleder,of institution
974,974,11,Instruktion i bungyjump/Rapelling,Instruction in bungyjump / Rapelling
975,975,11,Instruktør - sejlads,Instructor - sailing
976,976,11,Instruktør - sejlerskole,Instructor - sailing school
977,977,11,Instruktør - Windsurfing,Instructor - Windsurfing
978,978,1,Internet business development manager,Internet business development manager
979,979,1,Internetmedmedarbejder,Internetmedmedarbejder
980,980,1,Internetudvikler,Internet Developer
981,981,4,Investeringschef,Head of Investments
982,982,1,Investeringsrådgiver,investment Advisor
983,983,11,Iscremefabriksformand,Iscremefabriksformand
984,984,7,Isdepotindehaver,Isdepotindehaver
985,985,2,Isenkræmmer,Paint
986,986,11,Ishockeytræner,Hockey Coach
987,987,12,Isolatør,insulator
988,988,12,"Isolatør, kun ledelse/tilsyn","Insulator, only management / supervision"
989,989,12,"Isoleringsarbejde, kun ledelse/tilsyn","Insulation work, only management / supervision"
990,990,4,IT chef,It boss
991,991,1,IT forhandler,IT dealer
992,992,1,IT konsulent,IT consultant
993,993,1,IT operatør,IT operator
994,994,1,IT programmør,IT programmer
995,995,1,IT supporter,It supporter
996,996,1,IT systemplanlægger,IT system planner
997,997,1,IT systemtekniker,IT systems engineer
998,998,1,IT tekniker,IT technician
999,999,13,Jernbanemedarbejder,railway Employee
1000,1000,12,"Jernbanemedarbejder, kun ledelse/tilsyn","Railway employee, only management / supervision"
1001,1001,13,Jernforretning,Iron Business
1002,1002,13,Jernhandel,Jernhandel
1003,1003,7,Jernkunstner,Iron Artist
1004,1004,11,Jernstøber,iron molds
1005,1005,4,Jobcenterchef,Job Center Manager
1006,1006,1,Jobvejleder,Jobvejleder
1007,1007,5,"Jonglør, cirkus/tivoli","Jonglør, circus / tivoli"
1008,1008,12,"Jord- og betonarbejde, kun ledelse/tilsyn","Soil and concrete work, only management / supervision"
1009,1009,12,"Jord- og betonmedarbejder, Sprængningsarbejde","Earth and concrete worker, Explosion work"
1010,1010,12,Jord- og betonformand,Soil and concrete chairman
1011,1011,12,"Jord- og betonformand, Sprængningsarbejde","Earth and concrete president, Explosion work"
1012,1012,8,Jordbrugsmedarbejder,Agricultural Employee
1013,1013,6,Jordbrugskonsulent,Agricultural Consultant
1014,1014,6,Jordbrugsteknolog,agricultural technician
1015,1015,6,Jordemoder,midwife
1016,1016,1,Jordemoderelev,midwife Student
1017,1017,2,Juveler,Jeweler
1018,1018,2,"Juveler, kun ledelse/tilsyn","Jewels, only management / supervision"
1019,1019,9,Jæger,Hunter
1020,1020,11,Jægersoldat,Special Forces
1021,1021,11,Kabel- og rørlægger,Cable and pipe fitter
1022,1022,11,Kabelgraver,cable excavator
1023,1023,7,"Kabinebesætning, medarbejder","Cabinet appointment, employee"
1024,1024,11,Kadet,Cadet
1025,1025,2,Kaffehandler,coffee Shops
1026,1026,9,"Kaffehandler, en gros","Coffee shop, a gros"
1027,1027,11,Kajakinstruktør,kayaking Instructor
1028,1028,11,Kajakudlejer,kayak rental
1029,1029,12,Kalkbrænderimedarbejder,Kalkbrænderimedarbejder
1030,1030,12,"Kalkbrænderimedarbejder, kun ledelse/tilsyn","Lime burner worker, only management / supervision"
1031,1031,8,Kalkunfarmer,turkey Farmer
1032,1032,5,Kameramand,Cameraman
1033,1033,11,Kampsportstræner,martial Arts Training
1034,1034,5,Kantineassistent,canteen Assistant
1035,1035,5,Kantinebestyrer,canteen Manager
1036,1036,5,Kantineleder,canteen Head
1037,1037,9,"Kantinemedmedarbejder, kun ledelse/tilsyn","Kantinemedarbejder, only management / supervision"
1038,1038,5,Kantor,Kantor
1039,1039,5,Kapelmester,Conductors
1040,1040,11,"Kaptajn, forsvar","Captain, defense"
1041,1041,11,"Kaptajn, lufttransport","Captain, air transport"
1042,1042,12,"Kaptajn, søfart","Captain, shipping"
1043,1043,11,Karateinstruktør,Karate Instructor
1044,1044,11,Karrosseribygger,body Builder
1045,1045,5,Kartograf,cartographer
1046,1046,2,Kasseekspedient,Cash Clerk
1047,1047,13,Kedelpasser,boiler operator
1048,1048,13,Kedelrenser,Boiler Cleaner
1049,1049,11,Kedelsmed,Boiler Wrought
1050,1050,7,Kemigraf,chemistry Chart
1051,1051,9,"Kemigraf, kun ledelse/tilsyn","Chemistry, only management / supervision"
1052,1052,5,Kemiingeniør m/tilsyn,Chemical engineer with supervision
1053,1053,5,Kemiingeniør u/tilsyn,Chemical Engineer u / Supervision
1054,1054,11,"Kemitekniker, brandfarlige/ eksplosive stoffer","Chemical technicians, flammable / explosive substances"
1055,1055,9,Kemotekniker,Kemo Technician
1056,1056,7,Keramikmedarbejder,ceramics Employee
1057,1057,7,"Keramiker, leder - udelukkende tilsyn","Ceramics, leader - sole supervision"
1058,1058,7,Keramikmaler,Pottery Painting
1059,1059,1,"Key account manager, kontor","Key Account Manager, Office"
1060,1060,6,"Key account manager, kørende","Key Account Manager, running"
1061,1061,2,Kioskmedmedarbejder,Kioskmedmedarbejder
1062,1062,4,Kirkebetjent,Church Valet
1063,1063,9,Kirkegårdsassistent,cemetery Assistant
1064,1064,5,Kirkemusiker,Church Musician
1065,1065,5,Kirkesanger,cantor
1066,1066,1,Kiropraktorstuderende,chiropractor Students
1067,1067,6,Kirurg,Surgeon
1068,1068,11,Kitesurferinstruktør,Kite Surfer Director
1069,1069,4,Klinikassistent,Dental assistant
1070,1070,9,Klitinspektør,dune Inspector
1071,1071,12,"Kloakmedarbejder, TV inspektion","Sewer worker, TV inspection"
1072,1072,12,"Kloakmedarbejder, kun ledelse/tilsyn","Sewer worker, only management / supervision"
1073,1073,6,Klovbeskærer,hoof trimmer
1074,1074,5,"Klovn, cirkus/tivoli","Clown, circus / tivoli"
1075,1075,4,Klubleder,Klubleder
1076,1076,4,Klubmedmedarbejder,Klubmedmedarbejder
1077,1077,4,Klubpædagog,club Educator
1078,1078,7,Knallertforhandler,moped Dealer
1079,1079,11,Knallertmekaniker,moped Mechanic
1080,1080,11,Kobbersmed,Coppersmith
1081,1081,5,Kogekone,Boiling wife
1082,1082,4,Kokkefaglærer,Cooking teacher
1083,1083,5,Komiker,Comedian
1084,1084,5,Kommentator,commentator
1085,1085,4,Kommunaldirektør,Mayor
1086,1086,1,Kommunikationsassistent,communications Assistant
1087,1087,4,Kommunikationschef,Communications
1088,1088,1,Kommunikationskonsulent,communications Consultant
1089,1089,1,Kommunikationsmedmedarbejder,Communication Wrought Employee
1090,1090,1,Kommunikationsrådgiver,communications Advisor
1091,1091,1,Koncertarrangør,Concert Organizer
1092,1092,5,Koncertpianist,Concert Pianist
1093,1093,5,Koncertsanger,Concert Singer
1094,1094,9,Konditor,pastry
1095,1095,2,"Konditori, butikspersonale","Confectionery, shop staff"
1096,1096,2,"Konditori, med servering","Tea room, with serving"
1097,1097,7,Konduktør,conductor
1098,1098,1,Konferencier,Conferencier
1099,1099,2,Konservator,Conservation
1100,1100,8,Konstabel,Constable
1101,1101,9,Konstruktør,Constructor
1102,1102,12,"Konstruktør, udelukkende kontor","Designer, sole office"
1103,1103,1,"Konsulent, kontor","Consultant, office"
1104,1104,6,"Konsulent, kørende","Consultant, driving"
1105,1105,1,Kontormedarbejder m/kørsel og rejser,Office worker w / driving and traveling
1106,1106,1,Kontormedarbejder > 30 rejsedage,Office worker> 30 days of travel
1107,1107,1,Kontorassistent,Clerk
1108,1108,1,Kontorbetjent,office Officer
1109,1109,4,Kontorchef,Head
1110,1110,1,Kontorleder,Office manager
1111,1111,9,Kontormaskinereparatør,Office Machine Repairs
1112,1112,1,Kontrolassistent,control Assistant
1113,1113,9,"Kontrollant, høreapparat","Controls, hearing aids"
1114,1114,7,"Kontrollør, Tivoli","Controller, Tivoli"
1115,1115,9,Korn- og foderstoffermedmedarbejder,Grain and feed worker
1116,1116,11,"Korporal, forsvar","Corporal, defense"
1117,1117,5,Korrespondent,Correspondent
1118,1118,5,Korsanger,chorister
1119,1119,5,Kort- og landmålingstekniker,Map and land survey technicians
1120,1120,5,Kosmetiker,Beauticians
1121,1121,9,Kostumier,costume
1122,1122,1,Kostvejleder,dietician
1123,1123,13,Kranreparatør,Crane Repairs
1124,1124,6,Kreaturhandler,Cattle Trade
1125,1125,6,Kreaturklipper,Kreaturklipper
1126,1126,4,Kredsformand,kredsformand
1127,1127,1,Kredssekretær,circuit Secretary
1128,1128,8,Kriminalassistent,detective
1129,1129,4,Kroejer,innkeeper
1130,1130,6,Kropspsykoterapeut,body Psychotherapist
1131,1131,6,Kropsterapeut,body therapist
1132,1132,1,Kulturkonsulent,culture Consultant
1133,1133,4,Kundechef,Account Manager
1134,1134,1,"Kundekonsulent, kontor","Customer consultant, office"
1135,1135,11,Kunstfyrværker,Art Pyrotechnician
1136,1136,7,Kunsthandler,Art Shops
1137,1137,1,Kunsthistoriker,Art historian
1138,1138,7,Kunsthåndværker,Arts and Crafts
1139,1139,7,Kunstmaler,Painter
1140,1140,7,Kunstner med fysisk arbejde,Artist with physical work
1141,1141,7,Kunstner med smede-/svejseopgaver,Artist with forging / welding assignments
1142,1142,7,Kunstner uden fysisk arbejde,Artist without physical work
1143,1143,15,Kunstskøjteløber,Art Skating
1144,1144,1,Kurator,Curator
1145,1145,9,Kurer,courier
1146,1146,4,Kursusleder,Course leader
1147,1147,9,Kurvemager,Reeds
1148,1148,2,Kustode,custodian
1149,1149,8,Kvægavler,Cattle Breeders
1150,1150,6,Kvægavlskonsulent,Cattle Breeding Consultant
1151,1151,2,Købmand,Merchant
1152,1152,5,Køkkenassistent,kitchen Assistant
1153,1153,5,Køkkenchef,Chef
1154,1154,2,Køkkenforhandler,kitchen Dealer
1155,1155,5,Køkkenleder,kitchen Manager
1156,1156,9,Køkkenmontør,kitchen fitter
1157,1157,7,Køle- og frysehus-medarbejder,Cooling and freezing-house employee
1158,1158,7,Kølelagermedarbejder,Cold storage Employee
1159,1159,9,"Kølehusmedarbejder, kun ledelse/tilsyn","Cooling house employee, only management / supervision"
1160,1160,7,Kølehusmedarbejder,Kølehusmedarbejder
1161,1161,7,"Kølehusmedarbejder, med truckkørsel","Cooling house employee, with trucking"
1162,1162,9,Kølemontør,Refrigeration Installers
1163,1163,9,"Kølemontør, kun ledelse/tilsyn","Cooler, only management / supervision"
1164,1164,9,Køletekniker,Refrigeration Technician
1165,1165,9,Kørselsleder,Dispatch
1166,1166,11,Laboratoriebetjent,laboratory Officer
1167,1167,6,Laboratoriechef,Laboratory manager
1168,1168,5,Laboratoriemedmedarbejder,Laboratoriemedmedarbejder
1169,1169,5,Laboratorietekniker,Laboratory
1170,1170,9,"Lagermedarbejder, kun ledelse/tilsyn","Warehouse assistant, only management / supervision"
1171,1171,7,"Lagermedarbejder, med truckkørsel","Warehouse worker, with trucking"
1172,1172,7,Lagerchef,Warehouse Manager
1173,1173,7,Lagerekspedient,Warehouse Clerk
1174,1174,7,Lagerformand,Warehouse Chairman
1175,1175,7,Lagerforvalter,Warehouse Manager
1176,1176,6,Landbrugskonsulent,Agriculture Consulting
1177,1177,5,Landmålingstekniker,Surveying Technician
1178,1178,4,Landsformand,National Chairman
1179,1179,9,Lasteinspektør,Last Inspector
1180,1180,4,Lejrchef,commander
1181,1181,4,Lektiolog,Lektiolog
1182,1182,12,Lergravning,Lergravning
1183,1183,9,Levnedsmiddelassistent,Foodstuffs Assistant
1184,1184,9,Levnedsmiddelkontrollør,Foodstuffs Checker
1185,1185,14,Ligkistesnedker,coffin Snedker
1186,1186,5,"Linedanser, cirkus/tivoli","Linedances, circus / tivoli"
1187,1187,7,Litograf,Lithograph
1188,1188,7,Litograf - kun skærmarbejde,Litograph - only screenwork
1189,1189,5,Livrist,Livrist
1190,1190,8,Livvagt,Bodyguard
1191,1191,11,Lodder,Weights
1192,1192,9,Luftfartsinspektør,aviation Inspector
1193,1193,7,Lufthavnsmedarbejder,Airport Employee
1194,1194,7,Lufthavnsbetjent,Airport Valet
1195,1195,7,Lufthavnsfunktionær,Airport Salaried
1197,1197,9,Lydmand,soundman
1198,1198,9,Lydstudietekniker,Sound studio Technician
1199,1199,9,Lydtekniker,Sound Engineer
1200,1200,9,Lysmand,Lysmand
1201,1201,9,Lysmester,Lysmester
1202,1202,11,Lysstøberimedarbejder,Lysstøberimedarbejder
1203,1203,11,"Lysstøberimedarbejder, kun ledelse/tilsyn","Lighting worker, only management / supervision"
1204,1204,11,Lysstøberimester,Lysstøberimester
1205,1205,9,Lystekniker,lighting technician
1206,1206,2,"Læderhandel, læderhandler, en gros","Leather trade, leather goods, wholesale"
1207,1207,12,Lækagesporer,leakage spurs
1208,1208,4,Lærer,Teacher
1209,1209,4,Lærer på teknisk skole,Teacher at technical school
1210,1210,11,Løjtnant,Lieutenant
1211,1211,11,Major,Major
1212,1212,11,"Maler, kun ledelse/tilsyn","Templates, only management / supervision"
1213,1213,11,Malermester,Malermester
1214,1214,5,Mannequin,mannequin
1215,1215,4,Markedschef,Marketing Manager
1216,1216,2,"Markedspersonale, cirkus/tivoli","Market staff, circus / tivoli"
1217,1217,1,Marketing manager,Marketing Manager
1218,1218,1,Marketingassistent,marketing Assistant
1219,1219,4,Marketingchef,marketing
1220,1220,1,Marketingkonsulent,marketing Consultant
1221,1221,1,Marketingkoordinator,marketing Coordinator
1222,1222,11,Markisemager,Awning Mager
1223,1223,11,Markisemontør,Awning fitter
1224,1224,12,Marmorsliber,marble Grinder
1225,1225,12,"Marmorsliber, kun ledelse/tilsyn","Marble slivers, only management / supervision"
1226,1226,7,Marschall (lufthavn),Marschall (airport)
1227,1227,2,Marskandiser,Marskandiser
1228,1228,13,"Maskinmedarbejder, kun ledelse/tilsyn","Machine worker, only management / supervision"
1229,1229,11,Maskinforhandler,machine Dealer
1230,1230,9,Maskinfører,Equipment Operator
1231,1231,5,Maskiningeniør,Mechanical Engineer
1232,1232,5,"Maskiningeniør, kun ledelse/tilsyn","Engineer, only management / supervision"
1233,1233,9,Maskininspektør,Mechanical Inspector
1234,1234,13,Maskinmester på land,Engineer on land
1235,1235,1,Maskinmester studerende,Master of Engineering students
1236,1236,13,Maskinmester til vands,Engineer at water
1237,1237,9,Maskinopstiller,machine erectors
1238,1238,13,Maskinreparatør,Engine Repairs
1239,1239,13,Maskinsmed,machine Wrought
1240,1240,13,Maskinsnedker,joiner
1241,1241,14,"Maskinsnedker, kun ledelse/tilsyn","Machine shutdown, only management / supervision"
1242,1242,9,"Maskinstationmedarbejder, kun ledelse/tilsyn","Machine station employee, only management / supervision"
1243,1243,9,Maskinstationsmedarbejder,Pay Company Employee
1244,1244,9,Maskinstationsejer,Maskinstationsejer
1245,1245,13,"Maskintekniker, kun ledelse/tilsyn","Mechanical engineer, only management / supervision"
1246,1246,6,Massør,Masseuse
1247,1247,2,Materialist,Drugstore
1248,1248,1,Materielassistent,Materiel Assistant
1249,1249,12,Matros,Sailor
1250,1250,11,MC-forhandler,MC dealer
1251,1251,11,MC-forhandler med reparation,MC dealer with repair
1252,1252,9,Medicotekniker,Biomedical Engineer
1253,1253,1,Mediekonsulent,media consultant
1254,1254,1,Mediekoordinator,media Coordinator
1255,1255,1,Medierådgiver,media Advisor
1256,1256,9,Mejerimedarbejder,dairy Employee
1257,1257,9,"Mejerimedarbejder, kun ledelse/tilsyn","Dairy worker, only management / supervision"
1258,1258,5,Mejeriingeniør,dairy Engineering
1259,1259,5,"Mejeriingeniør, kun ledelse/tilsyn","Dairy Engineer, Management / Supervision Only"
1260,1260,6,Mejerikonsulent,dairy Consultant
1261,1261,9,"Mejerist, kun ledelse/tilsyn","Dairy, only management / supervision"
1262,1262,9,Mejeritekniker,dairy Technician
1264,1264,11,Mensendicklærer,While Dick Teacher
1265,1265,13,Metaldrejer,metal Drejer
1266,1266,13,Metalsliber,metal Grinder
1267,1267,11,Metalstøber,metal molds
1268,1268,7,Metro steward,Metro steward
1269,1269,11,Militærpoliti,military police
1270,1270,5,Miljøbiolog,Environmental Biologist
1271,1271,5,Miljøingeniør m/tilsyn,Environmental engineer with supervision
1272,1272,5,Miljøingeniør u/tilsyn,Environmental engineer u / supervision
1273,1273,9,Miljøkonsulent,Environmental Consultant
1274,1274,9,Miljøkontrollør,Environmental Checker
1275,1275,12,Miljøtekniker - med tilsyn,Environmental technician - supervised
1276,1276,12,Miljøtekniker - uden tilsyn,Environmental technician - without supervision
1277,1277,11,Minerydder,minesweeper
1278,1278,8,Minkavler,mink Breeders
1279,1279,8,Minkfarmer,Minkfarmer
1280,1280,11,Minør,Minør
1281,1281,4,Missionær,Missionary
1282,1282,11,Modelbygger,Modeling
1283,1283,7,Modellør,Modeler
1284,1284,13,Modelsnedker,model Carpenter
1285,1285,11,Montør,fitter
1286,1286,11,Montør af maskiner,Fitter of machines
1287,1287,11,"Montør, kun ledelse/tilsyn","Montor, only management / supervision"
1289,1289,11,Mosaikmedarbejder,mosaic Employee
1290,1290,4,Motelejer,Motel Owner
1291,1291,2,Motionscentermedmedarbejder,Motionscentermedmedarbejder
1292,1292,12,Motorbådsfører,Motor Driver
1293,1293,6,Motorsagkyndig,Motor Expert
1294,1294,1,Multimediedesigner,Multimedia
1295,1295,11,"Murerarbejde, kun ledelse/tilsyn","Masonry, management / supervision only"
1296,1296,11,Murermester,Murermester
1297,1297,2,Museumsmedarbejder,Museum Staff
1298,1298,2,Museumsdirektør,Museum Director
1299,1299,2,Museumsleder,Museum Director
1300,1300,2,Musikinstrumenthandler,Musical instrument Shops
1301,1301,4,Musiklærer,Music Teacher
1302,1302,4,Musikpædagog,music Teacher
1303,1303,5,Musikterapeut,music therapist
1304,1304,5,Møbelarkitekt,Furniture designer
1305,1305,2,Møbelhandler,Furniture Shops
1306,1306,11,Møbelmontør,Furniture fitter
1307,1307,11,Møbelsnedkermester,Joiner Master
1308,1308,9,Møller,Mills
1309,1309,2,Møntvaskeriejer,Laundromat owner
1310,1310,11,Målemontør m/stærkstrøm,Measuring officer with strong current
1311,1311,11,Målemontør svagstrøm,Measuring officer weak current
1312,1312,11,Måleraflæser,meter Reads
1313,1313,12,Målerassistent,meter Assistant
1314,1314,12,Målertekniker,meter Technician
1315,1315,7,Natportier,Night porter
1316,1316,8,Nattevægter,night watchman
1317,1317,11,Naturgasreparatør,Gas Repairs
1318,1318,11,"Naturgasreparatør, kun ledelse/tilsyn","Natural gas repairs, only management / supervision"
1319,1319,4,Naturvejleder,guided
1320,1320,12,"Nedbrydningsarbejde, Sprængningsarbejde","Demolition work, blasting work"
1321,1321,12,"Nedbrydningsarbejde, uden sprængningsarbejde","Demolition work, without blasting"
1322,1322,12,Nedriver,demolition
1323,1323,11,"Oberstløjtnant, forsvar","Colonel Lieutenant, Defense"
1324,1324,11,"Officer, forsvar","Officer, defense"
1325,1325,7,Offsettrykker,Offsettrykker
1326,1326,7,Offsettrykkerileder,Offsettrykkerileder
1327,1327,11,"Offshoremedarbejder, kun ledelse/tilsyn","Offshore employee, only management / supervision"
1328,1328,11,"Olieboring/Offshore-medarbejder, kun servicefag - indendørs","Oil drilling / Offshore employee, only service subject - indoors"
1329,1329,11,Oliefyrsmontør,Oil heating installer
1330,1330,11,Olielagermedarbejder,Oil Employee Stock
1331,1331,11,"Olielagermedarbejder, med truckkørsel","Oil team worker, with trucking"
1333,1333,11,"Olieraffinaderimedarbejder, kun ledelse/tilsyn ","Oil refinery worker, only management / supervision"
1334,1334,11,"Olieraffinaderimedarbejder, med brandfarlige stoffer","Oil refinery worker, with flammable substances"
1335,1335,4,Omsorgsassistent,care Assistant
1336,1336,4,Omsorgshjælper,care Helps
1337,1337,4,Omsorgsmedmedarbejder,Caring Wrought Employee
1338,1338,4,Omsorgspædagog,caring Educator
1339,1339,5,Operasanger,opera singer
1340,1340,13,Opsynsmedarbejder - genbrugsplads,Surveillance worker - recycling center
1341,1341,9,Opsynsmand,warden
1342,1342,2,Optrometrist,Optrometrist
1343,1343,5,Opvasker,Dishwasher
1344,1344,9,Orgelbygger,organ Builder
1345,1345,9,Orgelpibemager,Organ Pipe Skinny
1346,1346,8,Ornecentralmedarbejder,Ornecentralmedarbejder
1347,1347,5,Ornitolog,ornithologist
1348,1348,6,Ortopædist,Ortopædist
1349,1349,2,Ostehandler,cheese Shops
1350,1350,9,Ototekniker,Ototekniker
1351,1351,11,"Overkonstabel, forsvar","Overconstable, defense"
1352,1352,6,Overlæge,Chief Physician
1353,1353,11,Oversergent,Sergeant
1354,1354,1,Oversætter,Translator
1355,1355,11,Ovnpasser,Ovnpasser
1356,1356,7,Pakhusmedarbejder,warehouse Employee
1357,1357,7,"Pakhusmedarbejder, med truckkørsel","Warehouse worker, truck driver"
1358,1358,9,"Pakhuschef, kun ledelse/tilsyn","Pakhuschef, only management / supervision"
1359,1359,7,"Pakkerimedarbejder, med maskiner","Packer worker, with machines"
1360,1360,7,"Pakkerimedarbejder, uden maskiner","Packer worker, without machines"
1361,1361,15,Paramediciner,paramedic
1362,1362,8,Parkbetjent,Park Valet
1363,1363,9,Parkmedmedarbejder,Parkmedmedarbejder
1364,1364,5,Parykmager,Wig Mager
1365,1365,4,Pastor,Pastor
1366,1366,5,Pedelmedhjælper,caretaker Assistant
1367,1367,11,Pejse- og brændeovnsmontør,Fireplace and woodburning stove
1368,1368,9,Pelssorterer,cOAT Sorts
1369,1369,11,Pengeskabsmontør,Safe fitter
1370,1370,9,Pengetransport,CIT
1371,1371,4,Pensionatejer,Pension Owner
1372,1372,3,Pensionist,senior citizen
1373,1373,5,Pianist,pianist
1374,1374,5,Pianostemmer,Pianostemmer
1375,1375,14,Pibemager,pipe Skinny
1376,1376,5,Piccoline,Office assistant
1377,1377,5,Piccolo,Piccolo
1379,1379,7,"Pilot, instruktør","Pilot, instructor"
1380,1380,9,Piloteringsmedarbejder,Piling Employee
1381,1381,5,Pizzabager,Pizza Bakery
1382,1382,5,Pizzariaejer,Pizzaria Owner
1383,1383,5,Pizzariamedmedarbejder,Pizzariamedmedarbejder
1384,1384,11,Pladesmed,Pladesmed
1385,1385,6,Planteavlstekniker,Crop Technician
1386,1386,6,Plantekonsulent,plant Consultant
1387,1387,2,"Planteskoleejer, kun ledelse/tilsyn","Plant school owner, only management / supervision"
1388,1388,8,Planteskolemedmedarbejder,Planteskolemedmedarbejder
1389,1389,9,Plastmager,plastic Mager
1390,1390,9,Plastoperatør,plastic Operator
1391,1391,6,Plejehjemsassistent,Nursing Assistant
1392,1392,4,Plejehjemsleder,Nursing Leader
1393,1393,6,Plejehjemsmedmedarbejder,Nursing Wrought Employee
1394,1394,1,Pokerspiller,Poker Player
1395,1395,8,Politiassistent,Police constable
1396,1396,8,Politiefterforsker,police are investigating
1397,1397,8,Politiet,police
1398,1398,1,Politifuldmægtig,Assistant Chief
1399,1399,8,Politiinspektør,police Inspector
1400,1400,1,Politiker,politician
1401,1401,8,Politikommissær,police Commissioner
1402,1402,8,Politimester,Police Chief
1403,1403,7,Portier,porter
1404,1404,8,Portner,Portner
1405,1405,7,Portør,porter
1406,1406,7,Postfunktionær,post Technician
1407,1407,7,Postmester,Postmaster
1408,1408,7,Postsorterer,post Sorts
1409,1409,4,"Postvæsenet, kun ledelse/tilsyn","Post office, only management / supervision"
1410,1410,7,Pottemager,potter
1411,1411,11,Premierløjtnant,First Lieutenant
1412,1412,5,Pressefotograf,Pressefotograf
1413,1413,1,Pressemedmedarbejder,Press Officer
1414,1414,9,Procestekniker,process Engineer
1415,1415,5,Producer,producer
1416,1416,4,Produkthandler,product Handler
1417,1417,2,Produkthandlermedarbejder,Product Handler Employee
1418,1418,9,Produktionsteknolog,Production Engineer
1419,1419,1,Produktudvikler,product Developer
1420,1420,9,Produktudvikler med værktøj,Product developer with tool
1421,1421,5,Professionel danser (ikke ballet),Professional dancer (not ballet)
1422,1422,15,Professionel golf,Professional golf
1423,1423,4,Programchef,program Manager
1424,1424,1,Programmør,Programmer
1425,1425,1,Projektleder,project Manager
1426,1426,8,Proprietær,proprietary
1427,1427,4,Provst,Dean
1428,1428,6,Psykiatrimedmedarbejder,Psykiatrimedmedarbejder
1429,1429,6,Psykomotorisk terapeut,Psychomotor therapist
1430,1430,6,Psykoterapeut,psychotherapist
1431,1431,7,Purser,Purser
1432,1432,11,Pyrotekniker,Pyrotekniker
1433,1433,4,Pædagog,Pedagogue
1434,1434,9,Pædagogisk konsulent,Educational consultant
1435,1435,4,Pædagogmedhjælper,Nursery assistant
1436,1436,2,Pølsehandler,sausage Handler
1437,1437,12,Pølsemager,sausage-maker
1438,1438,7,Påklæder,dresser
1439,1439,4,Rabbiner,Rabbi
1440,1440,2,Radio- og TV-forhandler,Radio and TV dealer
1441,1441,9,Radioreparatør,Radio Repairs
1442,1442,9,Radiotekniker,Radio Technician
1443,1443,5,Radiovært,Radio Host
1444,1444,11,Raffinaderitekniker,refinery Technician
1445,1445,9,Rebslager,rope-maker
1446,1446,9,"Rebslager, kun ledelse/tilsyn","Rebelager, only management / supervision"
1447,1447,5,Redaktionschef,editorial manager
1448,1448,5,Redaktionssekretær,editorial
1449,1449,5,Redaktør,moderator
1450,1450,1,Redigeringsassistent,Editing Assistant
1451,1451,9,Redningskorps - redder,Rescue Corps Rescuer
1452,1452,8,Redningskorps - stationsleder,Rescue Corps Station Manager
1453,1453,9,Redningskorps som medarbejdende leder,Rescue Corps as co-operative leader
1454,1454,5,Regissør,stage manager
1455,1455,1,Regnskabsassistent,Accounts Assistant
1456,1456,4,Regnskabschef,Chief Accountant
1457,1457,1,Regnskabsmedmedarbejder,Accounting Wrought Employee
1458,1458,1,Rejsebureaumedmedarbejder,Rejsebureaumedmedarbejder
1459,1459,1,Rejseleder,Travel Guide
1460,1460,4,Reklamechef,advertising Manager
1461,1461,4,Reklamedirektør,advertising Director
1462,1462,1,Reklamekonsulent,advertising Consultant
1463,1463,4,Rektor,Rector
1464,1464,1,Rekvisitør,Rekvisitør
1465,1465,9,Rendegraver,Trencher
1466,1466,7,"Rengøring, kun ledelse/tilsyn","Cleaning, only management / supervision"
1467,1467,7,Rengøringsassistent,Cleaning assistent
1468,1468,13,"Renovation, chauffør","Renovation, driver"
1469,1469,13,"Renovationskørsel, udelukkende tilsyn","Renovation, sole supervision"
1470,1470,9,Renserimedarbejder,Dry Cleaning Employee
1471,1471,9,Renseriejer,Dry Owner
1472,1472,9,Renserileder,Dry Head
1473,1473,1,Reprofotograf,repro photographer
1474,1474,1,Reprofotografmedarbejder,Reprofotografmedarbejder
1475,1475,5,Restaurantchef,Restaurant manager
1476,1476,5,Restauratør,restaurateur
1477,1477,1,"Revisor, rejser over 30 dage årligt","Auditor, travels 30 days annually"
1478,1478,1,"Revisor, udelukkende kontor","Auditor, sole office"
1479,1479,12,Rideinstruktør,Riding Instructor
1480,1480,12,Ridelærer,Saddler
1481,1481,12,Rideskolemedmedarbejder,Rideskolemedmedarbejder
1482,1482,11,Rigger,rigger
1483,1483,8,Rævefarmer,Foxes Farmer
1484,1484,9,"Røgeri, leder - udelukkedne tilsyn","Smokehouse, leader - sole supervision"
1485,1485,9,Røgerimedarbejder,smokehouse Employee
1486,1486,9,Røgeriejer,smokehouse Owner
1487,1487,6,Røntgenfotograf,X Photographer
1488,1488,6,Røntgensygeplejerske,X-ray Nurse
1489,1489,12,Rørisolering,Pipe insulation
1490,1490,12,"Rørlægger, kun ledelse/tilsyn","Plumber, only management / supervision"
1491,1491,12,"Rørlæggermester, kun ledelse/tilsyn","Plumber master, only management / supervision"
1492,1492,11,Rørsmed,plumber
1493,1493,11,"Rørsmedemester, kun ledelse/tilsyn","Deputy Senior Vice President, Management / Supervision"
1494,1494,4,Sales manager,Sales Manager
1495,1495,2,"Salgsassistent, butik","Sales assistant, store"
1496,1496,9,Salgschauffør,Sales driver
1497,1497,4,Salgschef,Sales Manager
1498,1498,11,Sandblæser,sandblaster
1499,1499,11,"Sandblæser, kun ledelse/tilsyn","Sandblower, only management / supervision"
1500,1500,12,Sanitetsforretningsmedarbejder m. installation,Sanitary shop assistant with installation
1501,1501,14,"Savværk, leder - udelukkende tilsyn","Sawmill, leader - sole supervision"
1502,1502,9,Scenemedarbejder,scene Staff
1503,1503,9,Scenemester,scene Master
1505,1505,9,Scenograf,Set designer
1506,1506,11,"Sejlmager, udelukkende tilsyn","Sailor, sole supervision"
1507,1507,11,Sejlrigger,sail Rigger
1508,1508,4,Sekretariatschef,Secretariat
1509,1509,1,Sekretær,Secretary
1510,1510,11,"Seniorsergent, forsvar","Senior Senior, Defense"
1511,1511,11,"Sergent, forsvar","Sergeant, defense"
1512,1512,7,Serigrafmedarbejder,Serigrafmedarbejder
1513,1513,2,Servicestationsmedarbejder,Service Station Employee
1514,1514,5,Servitrice,Waitress
1515,1515,4,SFO-leder,SFO-leader
1516,1516,1,Shippingassistent,shipping Assistant
1517,1517,1,Shippingmedarbejder,shipping Staff
1518,1518,9,Sikkerhedsvagt/værditransport,Security / CIT
1519,1519,1,Skatterådgiver,tax Advisor
1520,1520,9,Skibs- og haveriekspert,Ship and accident expert
1521,1521,12,Skibsbefragter,Skibsbefragter
1522,1522,14,"Skibsbygger, kun ledelse/tilsyn","Shipbuilder, only management / supervision"
1523,1523,11,Skibselektriker,Marine Electrician
1524,1524,12,Skibsfører,master
1525,1525,5,Skibsingeniør,naval Architect
1526,1526,9,Skibsinspektør,Ship surveyor
1527,1527,11,Skibsmaler,Ship Painters
1528,1528,11,Skibsmekaniker,Ship's Mechanic
1529,1529,1,Skibsmægler,Shipbrokers
1530,1530,12,Skibsofficer,Ship officer
1531,1531,11,Skibsophugger,Skibsophugger
1532,1532,2,Skibsprovianteringshandler,Ship chandlers
1533,1533,11,Skibsrigger,Ship Rigger
1534,1534,14,"Skibsværft, arbejdsleder - kun tilsyn","Shipyard, supervisor - supervision only"
1535,1535,14,Skibsværftsmedarbejder,shipyard Employee
1536,1536,1,Skiguide,ski guide
1537,1537,11,Skiinstruktør,Ski Instructor
1538,1538,11,Skiltemaler med opsætning,Separator templates
1539,1539,11,Skiltemalermester,Divorced Malermester
1540,1540,11,Skilteopsætning,Divorced Setup
1541,1541,11,Skilærer,Ski instructor
1542,1542,9,Skind- og hudbereder,Skin and skin treatments
1543,1543,4,Skole/socialpædagog,School / social worker
1544,1544,5,Skolebetjent,Skolebetjent
1545,1545,1,Skolebibliotekar,school librarian
1547,1547,4,Skoleinspektør,School headmaster
1548,1548,4,Skolekonsulent,Skolekonsulent
1549,1549,4,Skoleleder,Headmaster
1550,1550,5,Skolepedel,school Caretaker
1551,1551,1,Skolesekretær,school Secretary
1552,1552,6,Skoletandlæge,school Dentist
1553,1553,4,Skolevejleder,School counselor
1554,1554,11,"Skorstensfejermester, kun ledelse/tilsyn","Chimney sweep master, only management / supervision"
1555,1555,2,Skotøjshandler,Skotøjshandler
1556,1556,6,Skov- og landskabsingeniør,Forest and landscape engineer
1557,1557,9,"Skovmedarbejder, kun ledelse/tilsyn","Forestry employee, only management / supervision"
1558,1558,6,Skovbrugskonsulent,forestry Consultant
1559,1559,12,Skoventreprenør,Skoventreprenør
1560,1560,9,Skovfoged,Skovfoged
1561,1561,9,Skovløber,Ranger
1562,1562,12,Skovrider,Skovrider
1563,1563,9,Skovtekniker,Forestry Technician
1564,1564,13,Skraldemand,dustman
1565,1565,5,Skribent,Writer
1566,1566,7,Skulptør,sculptor
1567,1567,8,Skytte,Gunner
1568,1568,5,Skønhedsplejer,beauty Cares
1569,1569,12,Slagter engros,Whacks wholesale
1573,1573,6,"Slagterikontrollør, dyrlæge","Butcher's vet, veterinarian"
1574,1574,12,"Slagtermester, butik","Butchers, store"
1575,1575,12,"Slagtermester, slagteri",Butcher's slaughterhouse
1576,1576,13,Slamsugeroperatør,Slurry Operator
1577,1577,8,Slotsbetjent,Castle Valet
1578,1578,9,Slotsforvalter,slot Manager
1579,1579,11,Slusemester,Lock Master
1580,1580,4,Sløjdlærer,woodwork Teacher
1581,1581,11,"Smed, kun ledelse/tilsyn","Forge, only management / supervision"
1582,1582,11,Smedemester,Smedemester
1583,1583,5,Sminkør,Makeup artist
1584,1584,5,Smykkedesigner,jewelry Designer
1585,1585,2,Smørrebrødsforretningsejer,Sandwiches Business Owner
1586,1586,14,"Snedker, kun ledelse/tilsyn","Snedker, only management / supervision"
1587,1587,14,"Snedkermester, kun ledelse/tilsyn","Sniper, only management / supervision"
1588,1588,1,Sociolog,sociologist
1589,1589,4,Sognemedhjælper,parish assistant
1590,1590,4,Sognepræst,Vicar
1591,1591,2,Solcentermedmedarbejder,Solcentermedmedarbejder
1592,1592,5,Solodanser,principal dancer
1593,1593,4,Sommerhusudlejer,Holiday rental
1594,1594,6,Speciallæge,Special doctor
1595,1595,4,"Speditør, udelukkende kontor","Forwarding agent, office only"
1596,1596,2,Spillehalsleder,Play Hals Head
1597,1597,9,Spinderimedarbejder,Spinning Employee
1598,1598,5,Spinderileder,Spinning Head
1599,1599,9,Spritfabriksmedarbejder,Spritfabrik Employee
1600,1600,12,Sprængnings- og mineringsekspert,Explosion and mining expert
1601,1601,12,Sprængningsmedarbejder,blasting Employee
1602,1602,11,Sprøjtemaler,Spray Painter
1603,1603,11,Squashtræner,squash Coach
1604,1604,5,Stand-up komiker,Stand-up comedian
1605,1605,1,Statsautoriseret revisor,Chartered Accountant
1606,1606,12,Stenbrudsmedarbejder,Quarries Employee
1607,1607,12,"Stenhugger, kun ledelse/tilsyn","Stenhugger, only management / supervision"
1608,1608,12,Stensliber,Lapidary
1609,1609,12,"Stensliber, kun ledelse/tilsyn","Stensliber, only management / supervision"
1610,1610,9,Stoftrykker,substance Pressing
1611,1611,9,Strikker,knitting
1612,1612,12,Struktør,tor
1613,1613,1,Studerende med brug af maskiner mv.,Students using machinery etc.
1616,1616,5,Studietekniker,Study Technician
1617,1617,4,Studievejleder,Counselor
1618,1618,7,Studievært,presenter
1619,1619,11,Stukkatør,Stucco Contractor
1620,1620,15,Stuntmand,stunt Man
1621,1621,8,Stutterimedarbejder,Stud Employee
1622,1622,8,Stutteriejer,Stud Owner
1623,1623,12,Styrmandsaspirant,Chief Officer Aspirant
1624,1624,11,Stærkstrømstekniker,Power Engineer
1625,1625,1,Stævningsmand,Process Server
1626,1626,11,Støberimedarbejder,Foundry Employee
1627,1627,11,"Støberimedarbejder, kun ledelse/tilsyn","Foundry worker, only management / supervision"
1628,1628,4,Støttepædagog,Learning support
1629,1629,13,Stålmedarbejder,steel Employee
1630,1630,5,Sufflør,prompter
1631,1631,9,Sukkerraffinaderimedarbejder,Sugar Refinery Employee
1632,1632,5,"Sukkerraffinaderimedarbejder, kun ledelse/tilsyn","Sugar refinery worker, only management / supervision"
1633,1633,6,Sundhedshjælper,healthcare worker
1634,1634,11,Svagstrømstekniker,Weak Power Technician
1635,1635,11,"Svejser, kun ledelse/tilsyn","Welding, only management / supervision"
1636,1636,8,Svineavler,pig farmer
1637,1637,6,Svineavlskonsulent,Pig Breeding Consultant
1638,1638,11,Svømmeinstruktør,swimming Instructor
1639,1639,11,Svømmelærer,swimming Teacher
1640,1640,11,Svømmetræner,swim Coach
1641,1641,6,Sygehjælper,Certified Nursing Assistant
1642,1642,1,Sygeplejeelev,nursing Student
1644,1644,2,Symaskineforhandler,Sewing Machine Dealers
1645,1645,9,Symaskinereparatør,Sewing Machine Repairs
1646,1646,9,Synteseoperatør,seemed Operator
1647,1647,1,Systemadministrator,system administrator
1648,1648,1,Systemkonsulent,systems Consultant
1649,1649,1,Systemplanlægger,System Planning
1650,1650,1,Systemprogrammør,System Programmer
1651,1651,1,Systemudvikler,Systems
1652,1652,1,Søfartselev,Maritime Student
1653,1653,7,Sølvsmed,Silversmith
1654,1654,12,Sømand,Sailor
1655,1655,12,Søofficer,Naval
1656,1656,11,"Tagdækning, leder - udelukkende tilsyn","Roofing, Leader - Supervision only"
1657,1657,11,Taglægger,roofer
1658,1658,11,Tagrenser,Tagrenser
1659,1659,4,Talepædagog,Speech therapist
1660,1660,1,Tandklinikassistent,Dental assistant
1661,1661,1,Tandlægesekretær,dental Secretary
1662,1662,2,Tankbestyrer,Tank Manager
1663,1663,2,Tankpasser,gas station attendant
1664,1664,11,Tapetserer,upholsterer
1665,1665,12,Tarmrenser,bowel Cleaner
1666,1666,6,Tatovør,tattooist
1667,1667,9,Taxa-vognmand,Taxi-haulage
1668,1668,4,Teaterdirektør,Theater Director
1669,1669,9,Teaterinspektør,Theater Inspector
1670,1670,5,Teaterinstruktør,Theater director
1671,1671,5,Teaterkoreograf,Theater Choreographer
1672,1672,11,Teatermaler,Theater Painter
1673,1673,9,Teatertekniker,Theater Technician
1674,1674,9,Teglværksmedarbejder,Brick Employee
1675,1675,7,Tegner,Draws
1676,1676,5,"Tegnestue, uden tilsyn på bygninger","Workshop, without supervision on buildings"
1677,1677,5,Tegnestuearbejde,Architects Work
1678,1678,1,Tegnsprogstolk,Sign Language Interpreter
1679,1679,1,Teknisk tegner,Technical designer
1680,1680,1,Tekstforfatter,Author
1681,1681,7,Tekstilkunstner,textile Artist
1682,1682,9,Tekstiltrykker,textile Pressing
1683,1683,11,Telefonmontør,telephone Installer
1684,1684,1,Telefonsælger,telemarketer
1685,1685,1,Telegrafist,telegraphist
1686,1686,5,Teleingeniør,Telecom Engineer
1687,1687,1,Telemarketingsmedmedarbejder,Telemarketing Wrought Employee
1688,1688,2,"Teltholder, Cirkus/Tivoli","Teltholder, Circus / Tivoli"
1689,1689,4,Teltudlejer,Tent rental
1690,1690,11,Tennisinstruktør,tennis Instructor
1691,1691,11,Tennistræner,tennis Coach
1692,1692,4,Teolog,theologian
1693,1693,11,Termograf,thermograph
1694,1694,9,"Testkører, bil","Test drive, car"
1695,1695,9,Tilskærer,sheeting
1696,1696,11,Tinstøber,Tinstøber
1697,1697,7,Tivolimedarbejder,Tivoli Employee
1698,1698,5,Tjenerelev,Waiter Student
1699,1699,9,Tobaksfabrikmedarbejder,Tobacco Factory Employee
1700,1700,11,"Tobaksfabrikmedarbejder, kun ledelse/tilsyn","Tobacco factory worker, only management / supervision"
1701,1701,9,Tobaksmester,tobacco Master
1702,1702,13,Togbetjent,Togbetjent
1703,1703,7,Togfører,train driver
1704,1704,13,Togkontrollør,Train conductor
1705,1705,7,Togstewardesse,train hostess
1706,1706,6,Toldassistent,Customs Assistant
1707,1707,6,Toldkontrollør,Customs Inspector
1708,1708,1,"Tolk, med rejser mere end 30 dage pr. år","Interpreter, traveling more than 30 days per day. year"
1709,1709,5,Tonemester,Tonmeister
1710,1710,13,Trafikkontrollør,traffic Controller
1711,1711,13,"Trafikkontrollør, kun ledelse/tilsyn","Traffic controller, only management / supervision"
1712,1712,1,Trafikplanlægger,traffic Planning
1713,1713,11,Traktorforhandler,tractor Dealership
1714,1714,9,Traktorfører,tractor Driver
1715,1715,1,Translatør,Translator
1716,1716,15,Travtræner,Travelers Coach
1717,1717,15,Stuntmand,stunt Man
1718,1718,9,Tromlefører,Drum Driver
1719,1719,9,Trommebygger,Drum Builds
1720,1720,5,Tryllekunstner,Magician
1721,1721,14,Træbådbygger,Wooden boat builder
1722,1722,14,Trædrejer,Turneries
1723,1723,9,Træfælder,wooden traps
1724,1724,14,Trælasthandler,lumber dealer
1725,1725,14,Træskomager,Clogs Upholstery
1726,1726,14,"Træskærer, træsliberi","Wood carvings, wood slurry"
1727,1727,12,Tunnelmedarbejder,tunnel Employee
1728,1728,1,Turistfører,tourist Guide
1729,1729,1,Turistguide,Tourist guide
1730,1730,5,TV-journalist,TV journalist
1731,1731,11,TV-montør,TV technician
1732,1732,5,TV-producer,TV producer
1733,1733,9,TV-reparatør,TV repairman
1734,1734,7,Typograf,typographer
1735,1735,7,"Typograf, kun ledelse/tilsyn","Typographer, only management / supervision"
1736,1736,2,Tæppehandler,Carpet Shops
1737,1737,11,Tæppepålægger,Tæppepålægger
1738,1738,9,Tæpperenser,Carpet Cleaner
1739,1739,5,Tøjdesigner,fashion designer
1740,1740,9,"Tøjrensning, tøjpresning","Dry cleaning, clothes printing"
1741,1741,2,Tømmerhandler,Wood Trade
1742,1742,14,"Tømrer, kun tilsyn/ledelse","Carpenter, only supervision / management"
1743,1743,14,Tømrermester,carpenter
1744,1744,4,Uddannelseskonsulent,Training Consultant
1745,1745,4,Uddannelsesvejleder,training Supervisor
1746,1746,2,Uddeler,awards
1747,1747,9,Udrykningsleder,Incident Commander
1748,1748,4,Udviklingschef,Development Manager
1749,1749,1,Udviklingskonsulent,Development Consultant
1750,1750,4,Undervisningskonsulent,Education Consultant
1751,1751,8,Vagt og sikkerhedsfunktionær,Guard and security officer
1752,1752,8,Vagtmand,The watchman
1753,1753,1,Valutahandler,currency Trade
1754,1754,4,Vandrehjemsbestyrer,Hostel Manager
1755,1755,5,"Vandværksingeniør, kun ledelse/tilsyn","Water engineering engineer, only management / supervision"
1756,1756,9,Vandværksreparatør,waterworks Repairs
1757,1757,1,Varemægler,Commodity broker
1758,1758,12,Varmemester,Caretaker
1759,1759,9,Varmeværksmedarbejder,Varmeværk Employee
1760,1760,9,Vaskeriejer,Laundry Owner
1761,1761,9,Vaskerileder,Laundry Manager
1762,1762,12,"Vejmedarbejder, kun ledelse/tilsyn","Road worker, only management / supervision"
1763,1763,1,Vekselerer,stockbroking
1764,1764,11,Ventilationsmontør,Ventilation Engineer
1765,1765,6,Veterinærassistent,veterinary Assistant
1766,1766,6,Veterinærsygeplejerske,Veterinary nurse
1767,1767,4,Viceforstander,Deputy Headmaster
1768,1768,2,Viktualiehandler,Viktualiehandler
1769,1769,9,Vildtforvaltningsplejer,Wildlife Management Cares
1770,1770,13,Vindmøllemekaniker,Wind Mechanic
1772,1772,7,Vinduespolerer,window polisher
1773,1773,7,"Vinduespolerer, kun ledelse/tilsyn","Window spoiler, only management / supervision"
1774,1774,7,"Vinduespudser, kun ledelse/tilsyn","Window pads, only management / supervision"
1775,1775,2,Vinhandler,Wine merchant
1776,1776,2,Vinimportør,wine importer
1777,1777,5,Vinkyper,cellarman
1778,1778,9,Violinbygger,violin construction
1779,1779,5,Violinist,violinist
1780,1780,6,Visitator,Visitation
1782,1782,9,Vognmand,haulier
1783,1783,11,Volleyballtræner,volleyball Coach
1784,1784,4,Vuggestuepædagog,nursery Teacher
1785,1785,11,Vulkanisør,retreader
1786,1786,11,"Vulkanisør, leder - udelukkende tilsyn","Vulcanist, leader - sole supervision"
1787,1787,6,"Vurderingsmand, aktionshus","Assessor, action house"
1788,1788,6,"Vurderingsmand, biler","Assessor, cars"
1789,1789,6,"Vurderingsmand, boliger","Judge, housing"
1790,1790,6,"Vurderingsmand, øvrigt","Evaluator, incidentally"
1791,1791,12,VVS-grossist,Sanitary Wholesale
1792,1792,12,"VVS-blikkenslager, leder - kun tilsyn","Plumbing Plumber, Leader - Supervision Only"
1793,1793,12,VVS-mester,Sanitary master
1794,1794,8,Vægter,Watchman
1795,1795,9,Væksthusgartner,Greenhouse gardener
1796,1796,11,Værkstedsassistent,workshop Assistant
1797,1797,11,Værkstedschef,workshop Manager
1798,1798,11,Værnepligtig,conscript
1799,1799,9,Væver,Weaver
1800,1800,2,Våbenhandler,Weapons Trade
1801,1801,9,Våbenmekaniker,Weapons Mechanic
1802,1802,1,Webdesigner,Web Designer
1803,1803,1,Webmaster,Webmaster
1804,1804,11,Yogalærer,Yoga Teacher
1805,1805,6,Øjenlæge,ophthalmologist
1806,1806,8,Økolog,ecologist
1807,1807,1,Økonom,economist
1808,1808,5,Økonoma,Økonomaforeningen
1809,1809,9,Ølbrygger,brewer
1810,1810,7,Øldepotmedmedarbejder,Øldepotmedmedarbejder
